{
	"parent": "item/handheld",
	"textures": {
		"layer0": "weapon/bows/compoundbow_standby"
	},
  "display": {
    "thirdperson_righthand": {
      "rotation": [ -80, 260, -40 ],
      "translation": [ -1, -2, 2.5 ],
      "scale": [ 1.5, 2.68, 1.6 ]
    },
    "thirdperson_lefthand": {
      "rotation": [ -80, -280, 40 ],
      "translation": [ -1, -2, 2.5 ],
      "scale": [ 1.5, 2.68, 1.6 ]
    },
    "firstperson_righthand": {
      "rotation": [ 0, -90, 25 ],
      "translation": [ 1.13, 3.2, 1.13],
      "scale": [ 1.5, 2.68, 1.3 ]
    },
    "firstperson_lefthand": {
      "rotation": [ 0, 90, -25 ],
      "translation": [ 1.13, 3.2, 1.13],
      "scale": [ 1.5, 2.68, 1.3 ]
    },
	 "gui": {
            "scale": [ 1.8, 1.8, 1.8 ]
        }
  }
}