{
	"parent": "item/divinelance",
	"display": {
		"thirdperson_righthand": {
			"rotation":  [ 180, 90, 90 ],
			"translation":  [ -0.4, -4, 1.2 ],
			"scale":  [ 1.1, 0.8, 0.8 ]
		},
		"firstperson_righthand": {
			"rotation":  [ 0, 120, 75 ],
			"translation":  [ 8, 0, -10 ],
			"scale":  [ 1.3, 1.1, 1.1 ]
		},
		"firstperson_lefthand": {
			"rotation":  [ 0, 120, -100 ],
			"translation":  [ 8, 0, -10 ],
			"scale":  [ 1.3, 1.1, 1.1 ]
		},
		"gui": {
			"rotation":  [ 0, 0, 45 ],
			"translation":  [ 0.2, -0.2, 0 ],
			"scale":  [ 0.43, 0.35, 0.4 ]
		},
		"ground": {
			"scale":  [ 1.5, 1.5, 1.5 ]
		},
		"fixed": {
			"rotation":  [ 0, 0, 90 ],
			"translation":  [ 0, 2, -1 ],
			"scale":  [ 2.3, 1.8, 1.8 ]
		}
	}
}