{
	"parent": "item/divinelance",
	"textures": {
		"divspear": "item/divinespear"
	},
	"elements": [ 	 
		{
			"__comment": "Voxels",
			"from": [ -16, 8, 8 ],
			"to": [ 32, 9, 9 ],
			"faces": {
				"down": { "uv": [ 0, 15.75, 12, 16 ], "texture": "#divspear" },
				"up": { "uv": [ 0, 15.75, 12, 15.5 ], "texture": "#divspear" },
				"north": { "uv": [ 12, 15.25, 0, 15.5 ], "texture": "#divspear" },
				"south": { "uv": [ 0, 15, 12, 15.25 ], "texture": "#divspear" },
				"west": { "uv": [ 3.25, 9.75, 3.5, 10 ], "texture": "#divspear" },
				"east": { "uv": [ 3.5, 9.5, 3.25, 9.75 ], "texture": "#divspear" }
			}
		},
		{
			"__comment": "Voxels",
			"from": [ -14, 7, 8 ],
			"to": [ 30, 8, 9 ],
			"faces": {
				"down": { "uv": [ 0, 14.75, 11, 15 ], "texture": "#divspear" },
				"up": { "uv": [ 0, 14.75, 11, 14.5 ], "texture": "#divspear" },
				"north": { "uv": [ 11, 14.25, 0, 14.5 ], "texture": "#divspear" },
				"south": { "uv": [ 0, 14, 11, 14.25 ], "texture": "#divspear" },
				"west": { "uv": [ 3.25, 9.25, 3.5, 9.5 ], "texture": "#divspear" },
				"east": { "uv": [ 3.5, 9, 3.25, 9.25 ], "texture": "#divspear" }
			}
		},
		{
			"__comment": "Voxels",
			"from": [ -14, 9, 8 ],
			"to": [ 30, 10, 9 ],
			"faces": {
				"down": { "uv": [ 0, 13.75, 11, 14 ], "texture": "#divspear" },
				"up": { "uv": [ 0, 13.75, 11, 13.5 ], "texture": "#divspear" },
				"north": { "uv": [ 11, 13.25, 0, 13.5 ], "texture": "#divspear" },
				"south": { "uv": [ 0, 13, 11, 13.25 ], "texture": "#divspear" },
				"west": { "uv": [ 3.25, 8.25, 3.5, 8.5 ], "texture": "#divspear" },
				"east": { "uv": [ 3.5, 8, 3.25, 8.25 ], "texture": "#divspear" }
			}
		},
		{
			"__comment": "Voxels",
			"from": [ -13, 8, 7 ],
			"to": [ 29, 9, 8 ],
			"faces": {
				"down": { "uv": [ 0, 12.75, 10.5, 13 ], "texture": "#divspear" },
				"up": { "uv": [ 0, 12.75, 10.5, 12.5 ], "texture": "#divspear" },
				"north": { "uv": [ 10.5, 12.25, 0, 12.5 ], "texture": "#divspear" },
				"south": { "uv": [ 0, 12, 10.5, 12.25 ], "texture": "#divspear" },
				"west": { "uv": [ 3.5, 10.75, 3.75, 11 ], "texture": "#divspear" },
				"east": { "uv": [ 3.75, 10.5, 3.5, 10.75 ], "texture": "#divspear" }
			}
		},
		{
			"__comment": "Voxels",
			"from": [ -13, 8, 9 ],
			"to": [ 29, 9, 10 ],
			"faces": {
				"down": { "uv": [ 0, 11.75, 10.5, 12 ], "texture": "#divspear" },
				"up": { "uv": [ 0, 11.75, 10.5, 11.5 ], "texture": "#divspear" },
				"north": { "uv": [ 10.5, 11.25, 0, 11.5 ], "texture": "#divspear" },
				"south": { "uv": [ 0, 11, 10.5, 11.25 ], "texture": "#divspear" },
				"west": { "uv": [ 3.5, 9.75, 3.75, 10 ], "texture": "#divspear" },
				"east": { "uv": [ 3.75, 9.5, 3.5, 9.75 ], "texture": "#divspear" }
			}
		},
		{
			"__comment": "Voxels",
			"from": [ -12, 6, 8 ],
			"to": [ -11, 7, 9 ],
			"faces": {
				"down": { "uv": [ 3.5, 9.25, 3.75, 9.5 ], "texture": "#divspear" },
				"up": { "uv": [ 3.5, 9.25, 3.75, 9 ], "texture": "#divspear" },
				"north": { "uv": [ 3.75, 8.25, 3.5, 8.5 ], "texture": "#divspear" },
				"south": { "uv": [ 3.5, 8, 3.75, 8.25 ], "texture": "#divspear" },
				"west": { "uv": [ 3.75, 10.75, 4, 11 ], "texture": "#divspear" },
				"east": { "uv": [ 4, 10.5, 3.75, 10.75 ], "texture": "#divspear" }
			}
		},
		{
			"__comment": "Voxels",
			"from": [ -12, 7, 7 ],
			"to": [ -11, 8, 8 ],
			"faces": {
				"down": { "uv": [ 3.75, 9.75, 4, 10 ], "texture": "#divspear" },
				"up": { "uv": [ 3.75, 9.75, 4, 9.5 ], "texture": "#divspear" },
				"north": { "uv": [ 4, 9.25, 3.75, 9.5 ], "texture": "#divspear" },
				"south": { "uv": [ 3.75, 9, 4, 9.25 ], "texture": "#divspear" },
				"west": { "uv": [ 4, 8.25, 4.25, 8.5 ], "texture": "#divspear" },
				"east": { "uv": [ 4.25, 8, 4, 8.25 ], "texture": "#divspear" }
			}
		},
		{
			"__comment": "Voxels",
			"from": [ -12, 7, 9 ],
			"to": [ -11, 8, 10 ],
			"faces": {
				"down": { "uv": [ 4.25, 10.75, 4.5, 11 ], "texture": "#divspear" },
				"up": { "uv": [ 4.25, 10.75, 4.5, 10.5 ], "texture": "#divspear" },
				"north": { "uv": [ 4.5, 9.75, 4.25, 10 ], "texture": "#divspear" },
				"south": { "uv": [ 4.25, 9.5, 4.5, 9.75 ], "texture": "#divspear" },
				"west": { "uv": [ 4.25, 9.25, 4.5, 9.5 ], "texture": "#divspear" },
				"east": { "uv": [ 4.5, 9, 4.25, 9.25 ], "texture": "#divspear" }
			}
		},
		{
			"__comment": "Voxels",
			"from": [ -12, 9, 7 ],
			"to": [ -11, 10, 8 ],
			"faces": {
				"down": { "uv": [ 4.25, 8.25, 4.5, 8.5 ], "texture": "#divspear" },
				"up": { "uv": [ 4.25, 8.25, 4.5, 8 ], "texture": "#divspear" },
				"north": { "uv": [ 4.75, 10.75, 4.5, 11 ], "texture": "#divspear" },
				"south": { "uv": [ 4.5, 10.5, 4.75, 10.75 ], "texture": "#divspear" },
				"west": { "uv": [ 5, 9.5, 5.25, 9.75 ], "texture": "#divspear" },
				"east": { "uv": [ 5.5, 9.75, 5.25, 10 ], "texture": "#divspear" }
			}
		},
		{
			"__comment": "Voxels",
			"from": [ -12, 9, 9 ],
			"to": [ -11, 10, 10 ],
			"faces": {
				"down": { "uv": [ 5.25, 9.5, 5.5, 9.75 ], "texture": "#divspear" },
				"up": { "uv": [ 5.25, 9.5, 5.5, 9.25 ], "texture": "#divspear" },
				"north": { "uv": [ 5.5, 9, 5.25, 9.25 ], "texture": "#divspear" },
				"south": { "uv": [ 5.25, 8.25, 5.5, 8.5 ], "texture": "#divspear" },
				"west": { "uv": [ 5.25, 8, 5.5, 8.25 ], "texture": "#divspear" },
				"east": { "uv": [ 5.75, 10.75, 5.5, 11 ], "texture": "#divspear" }
			}
		},
		{
			"__comment": "Voxels",
			"from": [ -12, 10, 8 ],
			"to": [ -11, 11, 9 ],
			"faces": {
				"down": { "uv": [ 5.5, 10.5, 5.75, 10.75 ], "texture": "#divspear" },
				"up": { "uv": [ 5.5, 10, 5.75, 9.75 ], "texture": "#divspear" },
				"north": { "uv": [ 5.75, 9.5, 5.5, 9.75 ], "texture": "#divspear" },
				"south": { "uv": [ 5.5, 9.25, 5.75, 9.5 ], "texture": "#divspear" },
				"west": { "uv": [ 5.5, 9, 5.75, 9.25 ], "texture": "#divspear" },
				"east": { "uv": [ 5.75, 8.25, 5.5, 8.5 ], "texture": "#divspear" }
			}
		},
		{
			"__comment": "Voxels",
			"from": [ -10, 4, 8 ],
			"to": [ -8, 5, 9 ],
			"faces": {
				"down": { "uv": [ 15.5, 13, 16, 13.25 ], "texture": "#divspear" },
				"up": { "uv": [ 15.5, 13.5, 16, 13.25 ], "texture": "#divspear" },
				"north": { "uv": [ 16, 13.5, 15.5, 13.75 ], "texture": "#divspear" },
				"south": { "uv": [ 15.5, 13.75, 16, 14 ], "texture": "#divspear" },
				"west": { "uv": [ 5.5, 8, 5.75, 8.25 ], "texture": "#divspear" },
				"east": { "uv": [ 6, 10.75, 5.75, 11 ], "texture": "#divspear" }
			}
		},
		{
			"__comment": "Voxels",
			"from": [ -10, 6, 8 ],
			"to": [ -7, 7, 9 ],
			"faces": {
				"down": { "uv": [ 14.75, 13.5, 15.5, 13.75 ], "texture": "#divspear" },
				"up": { "uv": [ 11, 13.5, 11.75, 13.25 ], "texture": "#divspear" },
				"north": { "uv": [ 12.5, 13.25, 11.75, 13.5 ], "texture": "#divspear" },
				"south": { "uv": [ 12.5, 13.25, 13.25, 13.5 ], "texture": "#divspear" },
				"west": { "uv": [ 5.75, 10.5, 6, 10.75 ], "texture": "#divspear" },
				"east": { "uv": [ 6, 9.75, 5.75, 10 ], "texture": "#divspear" }
			}
		},
		{
			"__comment": "Voxels",
			"from": [ -10, 7, 7 ],
			"to": [ -7, 8, 8 ],
			"faces": {
				"down": { "uv": [ 13.25, 13.25, 14, 13.5 ], "texture": "#divspear" },
				"up": { "uv": [ 14, 13.5, 14.75, 13.25 ], "texture": "#divspear" },
				"north": { "uv": [ 11.75, 14.75, 11, 15 ], "texture": "#divspear" },
				"south": { "uv": [ 11.75, 14.75, 12.5, 15 ], "texture": "#divspear" },
				"west": { "uv": [ 5.75, 9.5, 6, 9.75 ], "texture": "#divspear" },
				"east": { "uv": [ 6, 9.25, 5.75, 9.5 ], "texture": "#divspear" }
			}
		},
		{
			"__comment": "Voxels",
			"from": [ -10, 7, 9 ],
			"to": [ -7, 8, 10 ],
			"faces": {
				"down": { "uv": [ 14, 14.75, 14.75, 15 ], "texture": "#divspear" },
				"up": { "uv": [ 14.75, 15, 15.5, 14.75 ], "texture": "#divspear" },
				"north": { "uv": [ 11.75, 14.5, 11, 14.75 ], "texture": "#divspear" },
				"south": { "uv": [ 11.75, 14.5, 12.5, 14.75 ], "texture": "#divspear" },
				"west": { "uv": [ 5.75, 9, 6, 9.25 ], "texture": "#divspear" },
				"east": { "uv": [ 6, 8.25, 5.75, 8.5 ], "texture": "#divspear" }
			}
		},
		{
			"__comment": "Voxels",
			"from": [ -10, 9, 7 ],
			"to": [ -7, 10, 8 ],
			"faces": {
				"down": { "uv": [ 14, 14.5, 14.75, 14.75 ], "texture": "#divspear" },
				"up": { "uv": [ 14.75, 14.75, 15.5, 14.5 ], "texture": "#divspear" },
				"north": { "uv": [ 11.75, 14.25, 11, 14.5 ], "texture": "#divspear" },
				"south": { "uv": [ 11.75, 14.25, 12.5, 14.5 ], "texture": "#divspear" },
				"west": { "uv": [ 5.75, 8, 6, 8.25 ], "texture": "#divspear" },
				"east": { "uv": [ 6.25, 10.75, 6, 11 ], "texture": "#divspear" }
			}
		},
		{
			"__comment": "Voxels",
			"from": [ -10, 9, 9 ],
			"to": [ -7, 10, 10 ],
			"faces": {
				"down": { "uv": [ 12.5, 14.25, 13.25, 14.5 ], "texture": "#divspear" },
				"up": { "uv": [ 13.25, 14.5, 14, 14.25 ], "texture": "#divspear" },
				"north": { "uv": [ 14.75, 14.25, 14, 14.5 ], "texture": "#divspear" },
				"south": { "uv": [ 14.75, 14.25, 15.5, 14.5 ], "texture": "#divspear" },
				"west": { "uv": [ 6, 9.75, 6.25, 10 ], "texture": "#divspear" },
				"east": { "uv": [ 6.25, 9.5, 6, 9.75 ], "texture": "#divspear" }
			}
		},
		{
			"__comment": "Voxels",
			"from": [ -10, 10, 8 ],
			"to": [ -7, 11, 9 ],
			"faces": {
				"down": { "uv": [ 11, 14, 11.75, 14.25 ], "texture": "#divspear" },
				"up": { "uv": [ 11.75, 14.25, 12.5, 14 ], "texture": "#divspear" },
				"north": { "uv": [ 13.25, 14, 12.5, 14.25 ], "texture": "#divspear" },
				"south": { "uv": [ 13.25, 14, 14, 14.25 ], "texture": "#divspear" },
				"west": { "uv": [ 6, 9.25, 6.25, 9.5 ], "texture": "#divspear" },
				"east": { "uv": [ 6.25, 9, 6, 9.25 ], "texture": "#divspear" }
			}
		},
		{
			"__comment": "Voxels",
			"from": [ -10, 12, 8 ],
			"to": [ -8, 13, 9 ],
			"faces": {
				"down": { "uv": [ 15.5, 15, 16, 15.25 ], "texture": "#divspear" },
				"up": { "uv": [ 15.5, 15, 16, 14.75 ], "texture": "#divspear" },
				"north": { "uv": [ 16, 14.5, 15.5, 14.75 ], "texture": "#divspear" },
				"south": { "uv": [ 15.5, 14.25, 16, 14.5 ], "texture": "#divspear" },
				"west": { "uv": [ 1, 8.75, 1.25, 9 ], "texture": "#divspear" },
				"east": { "uv": [ 1.25, 8.5, 1, 8.75 ], "texture": "#divspear" }
			}
		},
		{
			"__comment": "Voxels",
			"from": [ -9, 5, 8 ],
			"to": [ -6, 6, 9 ],
			"faces": {
				"down": { "uv": [ 14, 13.75, 14.75, 14 ], "texture": "#divspear" },
				"up": { "uv": [ 14.75, 14, 15.5, 13.75 ], "texture": "#divspear" },
				"north": { "uv": [ 11.75, 13.5, 11, 13.75 ], "texture": "#divspear" },
				"south": { "uv": [ 11.75, 13.5, 12.5, 13.75 ], "texture": "#divspear" },
				"west": { "uv": [ 1, 8.25, 1.25, 8.5 ], "texture": "#divspear" },
				"east": { "uv": [ 1.25, 8, 1, 8.25 ], "texture": "#divspear" }
			}
		},
		{
			"__comment": "Voxels",
			"from": [ -9, 6, 7 ],
			"to": [ -8, 7, 8 ],
			"faces": {
				"down": { "uv": [ 2.25, 8.75, 2.5, 9 ], "texture": "#divspear" },
				"up": { "uv": [ 2.5, 9, 2.75, 8.75 ], "texture": "#divspear" },
				"north": { "uv": [ 2.5, 8.5, 2.25, 8.75 ], "texture": "#divspear" },
				"south": { "uv": [ 2.5, 8.5, 2.75, 8.75 ], "texture": "#divspear" },
				"west": { "uv": [ 2.25, 8.25, 2.5, 8.5 ], "texture": "#divspear" },
				"east": { "uv": [ 2.75, 8.25, 2.5, 8.5 ], "texture": "#divspear" }
			}
		},
		{
			"__comment": "Voxels",
			"from": [ -9, 6, 9 ],
			"to": [ -8, 7, 10 ],
			"faces": {
				"down": { "uv": [ 2.25, 8, 2.5, 8.25 ], "texture": "#divspear" },
				"up": { "uv": [ 2.5, 8.25, 2.75, 8 ], "texture": "#divspear" },
				"north": { "uv": [ 3, 10.75, 2.75, 11 ], "texture": "#divspear" },
				"south": { "uv": [ 2.75, 10.5, 3, 10.75 ], "texture": "#divspear" },
				"west": { "uv": [ 2.75, 10.25, 3, 10.5 ], "texture": "#divspear" },
				"east": { "uv": [ 3, 10, 2.75, 10.25 ], "texture": "#divspear" }
			}
		},
		{
			"__comment": "Voxels",
			"from": [ -9, 7, 6 ],
			"to": [ -8, 10, 7 ],
			"faces": {
				"down": { "uv": [ 2.75, 9.75, 3, 10 ], "texture": "#divspear" },
				"up": { "uv": [ 3.25, 10.75, 3.5, 10.5 ], "texture": "#divspear" },
				"north": { "uv": [ 0.25, 10.25, 0, 11 ], "texture": "#divspear" },
				"south": { "uv": [ 0, 9.5, 0.25, 10.25 ], "texture": "#divspear" },
				"west": { "uv": [ 0, 8.75, 0.25, 9.5 ], "texture": "#divspear" },
				"east": { "uv": [ 0.25, 8, 0, 8.75 ], "texture": "#divspear" }
			}
		},
		{
			"__comment": "Voxels",
			"from": [ -9, 7, 10 ],
			"to": [ -8, 10, 11 ],
			"faces": {
				"down": { "uv": [ 2.75, 9.5, 3, 9.75 ], "texture": "#divspear" },
				"up": { "uv": [ 2.75, 9.5, 3, 9.25 ], "texture": "#divspear" },
				"north": { "uv": [ 0.5, 10.25, 0.25, 11 ], "texture": "#divspear" },
				"south": { "uv": [ 0.25, 9.5, 0.5, 10.25 ], "texture": "#divspear" },
				"west": { "uv": [ 0.25, 8.75, 0.5, 9.5 ], "texture": "#divspear" },
				"east": { "uv": [ 0.5, 8, 0.25, 8.75 ], "texture": "#divspear" }
			}
		},
		{
			"__comment": "Voxels",
			"from": [ -9, 10, 7 ],
			"to": [ -8, 11, 8 ],
			"faces": {
				"down": { "uv": [ 2.75, 9, 3, 9.25 ], "texture": "#divspear" },
				"up": { "uv": [ 2.75, 9, 3, 8.75 ], "texture": "#divspear" },
				"north": { "uv": [ 3, 8.5, 2.75, 8.75 ], "texture": "#divspear" },
				"south": { "uv": [ 2.75, 8.25, 3, 8.5 ], "texture": "#divspear" },
				"west": { "uv": [ 2.75, 8, 3, 8.25 ], "texture": "#divspear" },
				"east": { "uv": [ 3.25, 10.75, 3, 11 ], "texture": "#divspear" }
			}
		},
		{
			"__comment": "Voxels",
			"from": [ -9, 10, 9 ],
			"to": [ -8, 11, 10 ],
			"faces": {
				"down": { "uv": [ 3, 10.5, 3.25, 10.75 ], "texture": "#divspear" },
				"up": { "uv": [ 3, 10.5, 3.25, 10.25 ], "texture": "#divspear" },
				"north": { "uv": [ 3.25, 10, 3, 10.25 ], "texture": "#divspear" },
				"south": { "uv": [ 3, 9.75, 3.25, 10 ], "texture": "#divspear" },
				"west": { "uv": [ 3, 9.5, 3.25, 9.75 ], "texture": "#divspear" },
				"east": { "uv": [ 3.25, 9.25, 3, 9.5 ], "texture": "#divspear" }
			}
		},
		{
			"__comment": "Voxels",
			"from": [ -9, 11, 8 ],
			"to": [ -6, 12, 9 ],
			"faces": {
				"down": { "uv": [ 12.5, 14.5, 13.25, 14.75 ], "texture": "#divspear" },
				"up": { "uv": [ 14, 14.25, 14.75, 14 ], "texture": "#divspear" },
				"north": { "uv": [ 15.5, 14, 14.75, 14.25 ], "texture": "#divspear" },
				"south": { "uv": [ 12.5, 13.5, 13.25, 13.75 ], "texture": "#divspear" },
				"west": { "uv": [ 3, 9, 3.25, 9.25 ], "texture": "#divspear" },
				"east": { "uv": [ 3.25, 8.75, 3, 9 ], "texture": "#divspear" }
			}
		},
		{
			"__comment": "Voxels",
			"from": [ 13, 6, 8 ],
			"to": [ 15, 7, 9 ],
			"faces": {
				"down": { "uv": [ 0.5, 8.25, 1, 8.5 ], "texture": "#divspear" },
				"up": { "uv": [ 0.5, 8.75, 1, 8.5 ], "texture": "#divspear" },
				"north": { "uv": [ 1, 8.75, 0.5, 9 ], "texture": "#divspear" },
				"south": { "uv": [ 1.75, 10.25, 2.25, 10.5 ], "texture": "#divspear" },
				"west": { "uv": [ 3, 8.5, 3.25, 8.75 ], "texture": "#divspear" },
				"east": { "uv": [ 3.25, 8.25, 3, 8.5 ], "texture": "#divspear" }
			}
		},
		{
			"__comment": "Voxels",
			"from": [ 13, 7, 7 ],
			"to": [ 15, 8, 8 ],
			"faces": {
				"down": { "uv": [ 1.25, 10.75, 1.75, 11 ], "texture": "#divspear" },
				"up": { "uv": [ 15.5, 16, 16, 15.75 ], "texture": "#divspear" },
				"north": { "uv": [ 16, 15.5, 15.5, 15.75 ], "texture": "#divspear" },
				"south": { "uv": [ 15.5, 14, 16, 14.25 ], "texture": "#divspear" },
				"west": { "uv": [ 3, 8, 3.25, 8.25 ], "texture": "#divspear" },
				"east": { "uv": [ 3.5, 10.75, 3.25, 11 ], "texture": "#divspear" }
			}
		},
		{
			"__comment": "Voxels",
			"from": [ 13, 7, 9 ],
			"to": [ 15, 8, 10 ],
			"faces": {
				"down": { "uv": [ 1.25, 10.25, 1.75, 10.5 ], "texture": "#divspear" },
				"up": { "uv": [ 0.5, 8.25, 1, 8 ], "texture": "#divspear" },
				"north": { "uv": [ 1.75, 10.5, 1.25, 10.75 ], "texture": "#divspear" },
				"south": { "uv": [ 15.5, 15.25, 16, 15.5 ], "texture": "#divspear" },
				"west": { "uv": [ 3.25, 10.25, 3.5, 10.5 ], "texture": "#divspear" },
				"east": { "uv": [ 3.5, 10, 3.25, 10.25 ], "texture": "#divspear" }
			}
		},
		{
			"__comment": "Voxels",
			"from": [ 13, 8, 6 ],
			"to": [ 15, 9, 7 ],
			"faces": {
				"down": { "uv": [ 1.25, 10, 1.75, 10.25 ], "texture": "#divspear" },
				"up": { "uv": [ 1.25, 9.75, 1.75, 9.5 ], "texture": "#divspear" },
				"north": { "uv": [ 1.75, 9.25, 1.25, 9.5 ], "texture": "#divspear" },
				"south": { "uv": [ 1.25, 9, 1.75, 9.25 ], "texture": "#divspear" },
				"west": { "uv": [ 3.25, 8.75, 3.5, 9 ], "texture": "#divspear" },
				"east": { "uv": [ 3.5, 8.5, 3.25, 8.75 ], "texture": "#divspear" }
			}
		},
		{
			"__comment": "Voxels",
			"from": [ 13, 8, 10 ],
			"to": [ 15, 9, 11 ],
			"faces": {
				"down": { "uv": [ 1.25, 8.75, 1.75, 9 ], "texture": "#divspear" },
				"up": { "uv": [ 1.25, 8.75, 1.75, 8.5 ], "texture": "#divspear" },
				"north": { "uv": [ 1.75, 8.25, 1.25, 8.5 ], "texture": "#divspear" },
				"south": { "uv": [ 1.25, 8, 1.75, 8.25 ], "texture": "#divspear" },
				"west": { "uv": [ 3.5, 10.25, 3.75, 10.5 ], "texture": "#divspear" },
				"east": { "uv": [ 3.75, 10, 3.5, 10.25 ], "texture": "#divspear" }
			}
		},
		{
			"__comment": "Voxels",
			"from": [ 13, 9, 7 ],
			"to": [ 15, 10, 8 ],
			"faces": {
				"down": { "uv": [ 1.75, 10.75, 2.25, 11 ], "texture": "#divspear" },
				"up": { "uv": [ 1.75, 10.75, 2.25, 10.5 ], "texture": "#divspear" },
				"north": { "uv": [ 2.25, 10, 1.75, 10.25 ], "texture": "#divspear" },
				"south": { "uv": [ 1.75, 9.75, 2.25, 10 ], "texture": "#divspear" },
				"west": { "uv": [ 3.5, 8.75, 3.75, 9 ], "texture": "#divspear" },
				"east": { "uv": [ 3.75, 8.5, 3.5, 8.75 ], "texture": "#divspear" }
			}
		},
		{
			"__comment": "Voxels",
			"from": [ 13, 9, 9 ],
			"to": [ 15, 10, 10 ],
			"faces": {
				"down": { "uv": [ 1.75, 9.5, 2.25, 9.75 ], "texture": "#divspear" },
				"up": { "uv": [ 1.75, 9.5, 2.25, 9.25 ], "texture": "#divspear" },
				"north": { "uv": [ 2.25, 9, 1.75, 9.25 ], "texture": "#divspear" },
				"south": { "uv": [ 1.75, 8.75, 2.25, 9 ], "texture": "#divspear" },
				"west": { "uv": [ 3.75, 10.25, 4, 10.5 ], "texture": "#divspear" },
				"east": { "uv": [ 4, 10, 3.75, 10.25 ], "texture": "#divspear" }
			}
		},
		{
			"__comment": "Voxels",
			"from": [ 13, 10, 8 ],
			"to": [ 15, 11, 9 ],
			"faces": {
				"down": { "uv": [ 2.25, 9.75, 2.75, 10 ], "texture": "#divspear" },
				"up": { "uv": [ 2.25, 9.75, 2.75, 9.5 ], "texture": "#divspear" },
				"north": { "uv": [ 2.75, 9.25, 2.25, 9.5 ], "texture": "#divspear" },
				"south": { "uv": [ 2.25, 9, 2.75, 9.25 ], "texture": "#divspear" },
				"west": { "uv": [ 3.75, 8.75, 4, 9 ], "texture": "#divspear" },
				"east": { "uv": [ 4, 8.5, 3.75, 8.75 ], "texture": "#divspear" }
			}
		},
		{
			"__comment": "Voxels",
			"from": [ 14, 5, 8 ],
			"to": [ 15, 6, 9 ],
			"faces": {
				"down": { "uv": [ 3.75, 8.25, 4, 8.5 ], "texture": "#divspear" },
				"up": { "uv": [ 3.75, 8.25, 4, 8 ], "texture": "#divspear" },
				"north": { "uv": [ 4.25, 10.75, 4, 11 ], "texture": "#divspear" },
				"south": { "uv": [ 4, 10.5, 4.25, 10.75 ], "texture": "#divspear" },
				"west": { "uv": [ 4, 10.25, 4.25, 10.5 ], "texture": "#divspear" },
				"east": { "uv": [ 4.25, 10, 4, 10.25 ], "texture": "#divspear" }
			}
		},
		{
			"__comment": "Voxels",
			"from": [ 14, 11, 8 ],
			"to": [ 15, 12, 9 ],
			"faces": {
				"down": { "uv": [ 4, 9.75, 4.25, 10 ], "texture": "#divspear" },
				"up": { "uv": [ 4, 9.75, 4.25, 9.5 ], "texture": "#divspear" },
				"north": { "uv": [ 4.25, 9.25, 4, 9.5 ], "texture": "#divspear" },
				"south": { "uv": [ 4, 9, 4.25, 9.25 ], "texture": "#divspear" },
				"west": { "uv": [ 4, 8.75, 4.25, 9 ], "texture": "#divspear" },
				"east": { "uv": [ 4.25, 8.5, 4, 8.75 ], "texture": "#divspear" }
			}
		},
		{
			"__comment": "Voxels",
			"from": [ 21, 4, 8 ],
			"to": [ 28, 5, 9 ],
			"faces": {
				"down": { "uv": [ 13.75, 15.75, 15.5, 16 ], "texture": "#divspear" },
				"up": { "uv": [ 12, 16, 13.75, 15.75 ], "texture": "#divspear" },
				"north": { "uv": [ 15.5, 15, 13.75, 15.25 ], "texture": "#divspear" },
				"south": { "uv": [ 12, 15, 13.75, 15.25 ], "texture": "#divspear" },
				"west": { "uv": [ 4.25, 10.25, 4.5, 10.5 ], "texture": "#divspear" },
				"east": { "uv": [ 4.5, 10, 4.25, 10.25 ], "texture": "#divspear" }
			}
		},
		{
			"__comment": "Voxels",
			"from": [ 21, 12, 8 ],
			"to": [ 28, 13, 9 ],
			"faces": {
				"down": { "uv": [ 13.75, 15.25, 15.5, 15.5 ], "texture": "#divspear" },
				"up": { "uv": [ 12, 15.5, 13.75, 15.25 ], "texture": "#divspear" },
				"north": { "uv": [ 15.5, 15.5, 13.75, 15.75 ], "texture": "#divspear" },
				"south": { "uv": [ 12, 15.5, 13.75, 15.75 ], "texture": "#divspear" },
				"west": { "uv": [ 4.25, 8.75, 4.5, 9 ], "texture": "#divspear" },
				"east": { "uv": [ 4.5, 8.5, 4.25, 8.75 ], "texture": "#divspear" }
			}
		},
		{
			"__comment": "Voxels",
			"from": [ 22, 3, 8 ],
			"to": [ 25, 4, 9 ],
			"faces": {
				"down": { "uv": [ 14.75, 13.25, 15.5, 13.5 ], "texture": "#divspear" },
				"up": { "uv": [ 11, 13.25, 11.75, 13 ], "texture": "#divspear" },
				"north": { "uv": [ 12.5, 13, 11.75, 13.25 ], "texture": "#divspear" },
				"south": { "uv": [ 12.5, 13, 13.25, 13.25 ], "texture": "#divspear" },
				"west": { "uv": [ 4.5, 10.25, 4.75, 10.5 ], "texture": "#divspear" },
				"east": { "uv": [ 4.75, 10, 4.5, 10.25 ], "texture": "#divspear" }
			}
		},
		{
			"__comment": "Voxels",
			"from": [ 22, 6, 8 ],
			"to": [ 23, 7, 9 ],
			"faces": {
				"down": { "uv": [ 4.5, 9.75, 4.75, 10 ], "texture": "#divspear" },
				"up": { "uv": [ 4.5, 9.75, 4.75, 9.5 ], "texture": "#divspear" },
				"north": { "uv": [ 4.75, 9.25, 4.5, 9.5 ], "texture": "#divspear" },
				"south": { "uv": [ 4.5, 9, 4.75, 9.25 ], "texture": "#divspear" },
				"west": { "uv": [ 4.5, 8.75, 4.75, 9 ], "texture": "#divspear" },
				"east": { "uv": [ 4.75, 8.5, 4.5, 8.75 ], "texture": "#divspear" }
			}
		},
		{
			"__comment": "Voxels",
			"from": [ 22, 7, 7 ],
			"to": [ 23, 8, 8 ],
			"faces": {
				"down": { "uv": [ 4.5, 8.25, 4.75, 8.5 ], "texture": "#divspear" },
				"up": { "uv": [ 4.5, 8.25, 4.75, 8 ], "texture": "#divspear" },
				"north": { "uv": [ 5, 10.75, 4.75, 11 ], "texture": "#divspear" },
				"south": { "uv": [ 4.75, 10.5, 5, 10.75 ], "texture": "#divspear" },
				"west": { "uv": [ 4.75, 10.25, 5, 10.5 ], "texture": "#divspear" },
				"east": { "uv": [ 5, 10, 4.75, 10.25 ], "texture": "#divspear" }
			}
		},
		{
			"__comment": "Voxels",
			"from": [ 22, 7, 9 ],
			"to": [ 23, 8, 10 ],
			"faces": {
				"down": { "uv": [ 4.75, 9.75, 5, 10 ], "texture": "#divspear" },
				"up": { "uv": [ 4.75, 9.75, 5, 9.5 ], "texture": "#divspear" },
				"north": { "uv": [ 5, 9.25, 4.75, 9.5 ], "texture": "#divspear" },
				"south": { "uv": [ 4.75, 9, 5, 9.25 ], "texture": "#divspear" },
				"west": { "uv": [ 4.75, 8.75, 5, 9 ], "texture": "#divspear" },
				"east": { "uv": [ 5, 8.5, 4.75, 8.75 ], "texture": "#divspear" }
			}
		},
		{
			"__comment": "Voxels",
			"from": [ 22, 9, 7 ],
			"to": [ 23, 10, 8 ],
			"faces": {
				"down": { "uv": [ 4.75, 8.25, 5, 8.5 ], "texture": "#divspear" },
				"up": { "uv": [ 4.75, 8.25, 5, 8 ], "texture": "#divspear" },
				"north": { "uv": [ 5.25, 10.75, 5, 11 ], "texture": "#divspear" },
				"south": { "uv": [ 5, 10.5, 5.25, 10.75 ], "texture": "#divspear" },
				"west": { "uv": [ 5, 10.25, 5.25, 10.5 ], "texture": "#divspear" },
				"east": { "uv": [ 5.25, 10, 5, 10.25 ], "texture": "#divspear" }
			}
		},
		{
			"__comment": "Voxels",
			"from": [ 22, 9, 9 ],
			"to": [ 23, 10, 10 ],
			"faces": {
				"down": { "uv": [ 5, 9.75, 5.25, 10 ], "texture": "#divspear" },
				"up": { "uv": [ 6, 10.75, 6.25, 10.5 ], "texture": "#divspear" },
				"north": { "uv": [ 5.25, 9.25, 5, 9.5 ], "texture": "#divspear" },
				"south": { "uv": [ 5, 9, 5.25, 9.25 ], "texture": "#divspear" },
				"west": { "uv": [ 5, 8.75, 5.25, 9 ], "texture": "#divspear" },
				"east": { "uv": [ 5.25, 8.5, 5, 8.75 ], "texture": "#divspear" }
			}
		},
		{
			"__comment": "Voxels",
			"from": [ 22, 10, 8 ],
			"to": [ 23, 11, 9 ],
			"faces": {
				"down": { "uv": [ 5, 8.25, 5.25, 8.5 ], "texture": "#divspear" },
				"up": { "uv": [ 5, 8.25, 5.25, 8 ], "texture": "#divspear" },
				"north": { "uv": [ 5.5, 10.75, 5.25, 11 ], "texture": "#divspear" },
				"south": { "uv": [ 5.25, 10.5, 5.5, 10.75 ], "texture": "#divspear" },
				"west": { "uv": [ 5.25, 10.25, 5.5, 10.5 ], "texture": "#divspear" },
				"east": { "uv": [ 5.5, 10, 5.25, 10.25 ], "texture": "#divspear" }
			}
		},
		{
			"__comment": "Voxels",
			"from": [ 22, 13, 8 ],
			"to": [ 25, 14, 9 ],
			"faces": {
				"down": { "uv": [ 13.25, 13, 14, 13.25 ], "texture": "#divspear" },
				"up": { "uv": [ 14, 13.25, 14.75, 13 ], "texture": "#divspear" },
				"north": { "uv": [ 15.5, 13, 14.75, 13.25 ], "texture": "#divspear" },
				"south": { "uv": [ 0.5, 10.75, 1.25, 11 ], "texture": "#divspear" },
				"west": { "uv": [ 5.25, 8.75, 5.5, 9 ], "texture": "#divspear" },
				"east": { "uv": [ 5.5, 8.5, 5.25, 8.75 ], "texture": "#divspear" }
			}
		},
		{
			"__comment": "Voxels",
			"from": [ 24, 5, 8 ],
			"to": [ 27, 6, 9 ],
			"faces": {
				"down": { "uv": [ 0.5, 10.5, 1.25, 10.75 ], "texture": "#divspear" },
				"up": { "uv": [ 0.5, 10.5, 1.25, 10.25 ], "texture": "#divspear" },
				"north": { "uv": [ 1.25, 10, 0.5, 10.25 ], "texture": "#divspear" },
				"south": { "uv": [ 0.5, 9.75, 1.25, 10 ], "texture": "#divspear" },
				"west": { "uv": [ 5.5, 10.25, 5.75, 10.5 ], "texture": "#divspear" },
				"east": { "uv": [ 5.75, 10, 5.5, 10.25 ], "texture": "#divspear" }
			}
		},
		{
			"__comment": "Voxels",
			"from": [ 24, 11, 8 ],
			"to": [ 27, 12, 9 ],
			"faces": {
				"down": { "uv": [ 0.5, 9.5, 1.25, 9.75 ], "texture": "#divspear" },
				"up": { "uv": [ 14, 13.75, 14.75, 13.5 ], "texture": "#divspear" },
				"north": { "uv": [ 1.25, 9.25, 0.5, 9.5 ], "texture": "#divspear" },
				"south": { "uv": [ 0.5, 9, 1.25, 9.25 ], "texture": "#divspear" },
				"west": { "uv": [ 5.5, 8.75, 5.75, 9 ], "texture": "#divspear" },
				"east": { "uv": [ 5.75, 8.5, 5.5, 8.75 ], "texture": "#divspear" }
			}
		},
		{
			"__comment": "Voxels",
			"from": [ 25, 6, 8 ],
			"to": [ 28, 7, 9 ],
			"faces": {
				"down": { "uv": [ 12.5, 14.75, 13.25, 15 ], "texture": "#divspear" },
				"up": { "uv": [ 13.25, 15, 14, 14.75 ], "texture": "#divspear" },
				"north": { "uv": [ 14, 14.5, 13.25, 14.75 ], "texture": "#divspear" },
				"south": { "uv": [ 11, 13.75, 11.75, 14 ], "texture": "#divspear" },
				"west": { "uv": [ 5.75, 10.25, 6, 10.5 ], "texture": "#divspear" },
				"east": { "uv": [ 6, 10, 5.75, 10.25 ], "texture": "#divspear" }
			}
		},
		{
			"__comment": "Voxels",
			"from": [ 25, 8, 6 ],
			"to": [ 27, 9, 7 ],
			"faces": {
				"down": { "uv": [ 1.75, 8.5, 2.25, 8.75 ], "texture": "#divspear" },
				"up": { "uv": [ 1.75, 8.5, 2.25, 8.25 ], "texture": "#divspear" },
				"north": { "uv": [ 2.25, 8, 1.75, 8.25 ], "texture": "#divspear" },
				"south": { "uv": [ 2.25, 10.75, 2.75, 11 ], "texture": "#divspear" },
				"west": { "uv": [ 5.75, 8.75, 6, 9 ], "texture": "#divspear" },
				"east": { "uv": [ 6, 8.5, 5.75, 8.75 ], "texture": "#divspear" }
			}
		},
		{
			"__comment": "Voxels",
			"from": [ 25, 8, 10 ],
			"to": [ 27, 9, 11 ],
			"faces": {
				"down": { "uv": [ 2.25, 10.5, 2.75, 10.75 ], "texture": "#divspear" },
				"up": { "uv": [ 2.25, 10.5, 2.75, 10.25 ], "texture": "#divspear" },
				"north": { "uv": [ 2.75, 10, 2.25, 10.25 ], "texture": "#divspear" },
				"south": { "uv": [ 1.25, 9.75, 1.75, 10 ], "texture": "#divspear" },
				"west": { "uv": [ 6, 10.25, 6.25, 10.5 ], "texture": "#divspear" },
				"east": { "uv": [ 6.25, 10, 6, 10.25 ], "texture": "#divspear" }
			}
		},
		{
			"__comment": "Voxels",
			"from": [ 25, 10, 8 ],
			"to": [ 28, 11, 9 ],
			"faces": {
				"down": { "uv": [ 11.75, 13.75, 12.5, 14 ], "texture": "#divspear" },
				"up": { "uv": [ 12.5, 14, 13.25, 13.75 ], "texture": "#divspear" },
				"north": { "uv": [ 14, 13.75, 13.25, 14 ], "texture": "#divspear" },
				"south": { "uv": [ 13.25, 13.5, 14, 13.75 ], "texture": "#divspear" },
				"west": { "uv": [ 6, 8.75, 6.25, 9 ], "texture": "#divspear" },
				"east": { "uv": [ 6.25, 8.5, 6, 8.75 ], "texture": "#divspear" }
			}
		},
		{
			"__comment": "Voxels",
			"from": [ 26, 3, 8 ],
			"to": [ 27, 4, 9 ],
			"faces": {
				"down": { "uv": [ 6, 8.25, 6.25, 8.5 ], "texture": "#divspear" },
				"up": { "uv": [ 6, 8.25, 6.25, 8 ], "texture": "#divspear" },
				"north": { "uv": [ 6.5, 10.75, 6.25, 11 ], "texture": "#divspear" },
				"south": { "uv": [ 6.25, 10.5, 6.5, 10.75 ], "texture": "#divspear" },
				"west": { "uv": [ 6.25, 10.25, 6.5, 10.5 ], "texture": "#divspear" },
				"east": { "uv": [ 6.5, 10, 6.25, 10.25 ], "texture": "#divspear" }
			}
		},
		{
			"__comment": "Voxels",
			"from": [ 26, 7, 7 ],
			"to": [ 27, 8, 8 ],
			"faces": {
				"down": { "uv": [ 6.25, 9.75, 6.5, 10 ], "texture": "#divspear" },
				"up": { "uv": [ 6.25, 9.75, 6.5, 9.5 ], "texture": "#divspear" },
				"north": { "uv": [ 6.5, 9.25, 6.25, 9.5 ], "texture": "#divspear" },
				"south": { "uv": [ 6.25, 9, 6.5, 9.25 ], "texture": "#divspear" },
				"west": { "uv": [ 6.25, 8.75, 6.5, 9 ], "texture": "#divspear" },
				"east": { "uv": [ 6.5, 8.5, 6.25, 8.75 ], "texture": "#divspear" }
			}
		},
		{
			"__comment": "Voxels",
			"from": [ 26, 7, 9 ],
			"to": [ 27, 8, 10 ],
			"faces": {
				"down": { "uv": [ 6.25, 8.25, 6.5, 8.5 ], "texture": "#divspear" },
				"up": { "uv": [ 6.25, 8.25, 6.5, 8 ], "texture": "#divspear" },
				"north": { "uv": [ 6.75, 10.75, 6.5, 11 ], "texture": "#divspear" },
				"south": { "uv": [ 6.5, 10.5, 6.75, 10.75 ], "texture": "#divspear" },
				"west": { "uv": [ 6.5, 10.25, 6.75, 10.5 ], "texture": "#divspear" },
				"east": { "uv": [ 6.75, 10, 6.5, 10.25 ], "texture": "#divspear" }
			}
		},
		{
			"__comment": "Voxels",
			"from": [ 26, 9, 7 ],
			"to": [ 27, 10, 8 ],
			"faces": {
				"down": { "uv": [ 6.5, 9.75, 6.75, 10 ], "texture": "#divspear" },
				"up": { "uv": [ 6.5, 9.75, 6.75, 9.5 ], "texture": "#divspear" },
				"north": { "uv": [ 6.75, 9.25, 6.5, 9.5 ], "texture": "#divspear" },
				"south": { "uv": [ 6.5, 9, 6.75, 9.25 ], "texture": "#divspear" },
				"west": { "uv": [ 6.5, 8.75, 6.75, 9 ], "texture": "#divspear" },
				"east": { "uv": [ 6.75, 8.5, 6.5, 8.75 ], "texture": "#divspear" }
			}
		},
		{
			"__comment": "Voxels",
			"from": [ 26, 9, 9 ],
			"to": [ 27, 10, 10 ],
			"faces": {
				"down": { "uv": [ 6.5, 8.25, 6.75, 8.5 ], "texture": "#divspear" },
				"up": { "uv": [ 6.5, 8.25, 6.75, 8 ], "texture": "#divspear" },
				"north": { "uv": [ 7, 10.75, 6.75, 11 ], "texture": "#divspear" },
				"south": { "uv": [ 6.75, 10.5, 7, 10.75 ], "texture": "#divspear" },
				"west": { "uv": [ 6.75, 10.25, 7, 10.5 ], "texture": "#divspear" },
				"east": { "uv": [ 7, 10, 6.75, 10.25 ], "texture": "#divspear" }
			}
		},
		{
			"__comment": "Voxels",
			"from": [ 26, 13, 8 ],
			"to": [ 27, 14, 9 ],
			"faces": {
				"down": { "uv": [ 6.75, 9.75, 7, 10 ], "texture": "#divspear" },
				"up": { "uv": [ 6.75, 9.75, 7, 9.5 ], "texture": "#divspear" },
				"north": { "uv": [ 7, 9.25, 6.75, 9.5 ], "texture": "#divspear" },
				"south": { "uv": [ 6.75, 9, 7, 9.25 ], "texture": "#divspear" },
				"west": { "uv": [ 6.75, 8.75, 7, 9 ], "texture": "#divspear" },
				"east": { "uv": [ 7, 8.5, 6.75, 8.75 ], "texture": "#divspear" }
			}
		}
	],
	"display": {
		"thirdperson_righthand": {
			"rotation":  [ 0, 90, 90 ],
			"translation":  [ -0.4, 4, 1.2 ],
			"scale":  [ 1.1, 0.8, 0.8 ]
		},
		"firstperson_righthand": {
			"rotation":  [ 0, 120, 75 ],
			"translation":  [ 8, 0, -10 ],
			"scale":  [ 1.3, 1.1, 1.1 ]
		},
		"firstperson_lefthand": {
			"rotation":  [ 0, 120, -100 ],
			"translation":  [ 8, 0, -10 ],
			"scale":  [ 1.3, 1.1, 1.1 ]
		},
		"gui": {
			"rotation":  [ 0, 0, 45 ],
			"translation":  [ 0.2, -0.2, 0 ],
			"scale":  [ 0.43, 0.35, 0.4 ]
		},
		"ground": {
			"scale":  [ 1.5, 1.5, 1.5 ]
		},
		"fixed": {
			"rotation":  [ 0, 0, 90 ],
			"translation":  [ 0, 2, -1 ],
			"scale":  [ 2.3, 1.8, 1.8 ]
		}
	}
}