{
	"parent": "item/gray_axe2",
	"textures": {
		"diamond_axe": "weapon/axes/gray_axe2"
	},
	"elements": [ 	 
		{
			"__comment": "Voxels",
			"from": [ -14, 8, 8 ],
			"to": [ 23, 9, 9 ],
			"faces": {
				"down": { "uv": [ 0, 15.75, 9.25, 16 ], "texture": "#diamond_axe" },
				"up": { "uv": [ 0, 15.75, 9.25, 15.5 ], "texture": "#diamond_axe" },
				"north": { "uv": [ 9.25, 15.25, 0, 15.5 ], "texture": "#diamond_axe" },
				"south": { "uv": [ 0, 15, 9.25, 15.25 ], "texture": "#diamond_axe" },
				"west": { "uv": [ 5, 6.75, 5.25, 7 ], "texture": "#diamond_axe" },
				"east": { "uv": [ 5.25, 6.5, 5, 6.75 ], "texture": "#diamond_axe" }
			}
		},
		{
			"__comment": "Voxels",
			"from": [ -12, 7, 8 ],
			"to": [ 21, 8, 9 ],
			"faces": {
				"down": { "uv": [ 0, 11, 8.25, 11.25 ], "texture": "#diamond_axe" },
				"up": { "uv": [ 0, 12.5, 8.25, 12.25 ], "texture": "#diamond_axe" },
				"north": { "uv": [ 8.25, 12, 0, 12.25 ], "texture": "#diamond_axe" },
				"south": { "uv": [ 0, 11.75, 8.25, 12 ], "texture": "#diamond_axe" },
				"west": { "uv": [ 5, 2.75, 5.25, 3 ], "texture": "#diamond_axe" },
				"east": { "uv": [ 5.25, 2.5, 5, 2.75 ], "texture": "#diamond_axe" }
			}
		},
		{
			"__comment": "Voxels",
			"from": [ -12, 8, 7 ],
			"to": [ 22, 9, 8 ],
			"faces": {
				"down": { "uv": [ 0, 14.25, 8.5, 14.5 ], "texture": "#diamond_axe" },
				"up": { "uv": [ 0, 14.75, 8.5, 14.5 ], "texture": "#diamond_axe" },
				"north": { "uv": [ 8.5, 14, 0, 14.25 ], "texture": "#diamond_axe" },
				"south": { "uv": [ 0, 13.75, 8.5, 14 ], "texture": "#diamond_axe" },
				"west": { "uv": [ 14.75, 10.75, 15, 11 ], "texture": "#diamond_axe" },
				"east": { "uv": [ 15.5, 10.75, 15.25, 11 ], "texture": "#diamond_axe" }
			}
		},
		{
			"__comment": "Voxels",
			"from": [ -12, 8, 9 ],
			"to": [ 22, 9, 10 ],
			"faces": {
				"down": { "uv": [ 0, 13, 8.5, 13.25 ], "texture": "#diamond_axe" },
				"up": { "uv": [ 0, 15, 8.5, 14.75 ], "texture": "#diamond_axe" },
				"north": { "uv": [ 8.5, 13.5, 0, 13.75 ], "texture": "#diamond_axe" },
				"south": { "uv": [ 0, 13.25, 8.5, 13.5 ], "texture": "#diamond_axe" },
				"west": { "uv": [ 15.5, 10.75, 15.75, 11 ], "texture": "#diamond_axe" },
				"east": { "uv": [ 6.25, 10.5, 6, 10.75 ], "texture": "#diamond_axe" }
			}
		},
		{
			"__comment": "Voxels",
			"from": [ -12, 9, 8 ],
			"to": [ 21, 10, 9 ],
			"faces": {
				"down": { "uv": [ 0, 12.75, 8.25, 13 ], "texture": "#diamond_axe" },
				"up": { "uv": [ 0, 12.75, 8.25, 12.5 ], "texture": "#diamond_axe" },
				"north": { "uv": [ 8.25, 11.5, 0, 11.75 ], "texture": "#diamond_axe" },
				"south": { "uv": [ 0, 11.25, 8.25, 11.5 ], "texture": "#diamond_axe" },
				"west": { "uv": [ 6.25, 10.5, 6.5, 10.75 ], "texture": "#diamond_axe" },
				"east": { "uv": [ 9, 10.5, 8.75, 10.75 ], "texture": "#diamond_axe" }
			}
		},
		{
			"__comment": "Voxels",
			"from": [ -11, 6, 8 ],
			"to": [ -8, 7, 9 ],
			"faces": {
				"down": { "uv": [ 3, 3.5, 3.75, 3.75 ], "texture": "#diamond_axe" },
				"up": { "uv": [ 3, 3.5, 3.75, 3.25 ], "texture": "#diamond_axe" },
				"north": { "uv": [ 3.75, 3, 3, 3.25 ], "texture": "#diamond_axe" },
				"south": { "uv": [ 3, 2.75, 3.75, 3 ], "texture": "#diamond_axe" },
				"west": { "uv": [ 9.5, 10.5, 9.75, 10.75 ], "texture": "#diamond_axe" },
				"east": { "uv": [ 10, 10.5, 9.75, 10.75 ], "texture": "#diamond_axe" }
			}
		},
		{
			"__comment": "Voxels",
			"from": [ -11, 7, 7 ],
			"to": [ -7, 8, 8 ],
			"faces": {
				"down": { "uv": [ 3, 7.75, 4, 8 ], "texture": "#diamond_axe" },
				"up": { "uv": [ 3, 8.75, 4, 8.5 ], "texture": "#diamond_axe" },
				"north": { "uv": [ 4, 8.75, 3, 9 ], "texture": "#diamond_axe" },
				"south": { "uv": [ 3, 9, 4, 9.25 ], "texture": "#diamond_axe" },
				"west": { "uv": [ 10.5, 10.5, 10.75, 10.75 ], "texture": "#diamond_axe" },
				"east": { "uv": [ 11, 10.5, 10.75, 10.75 ], "texture": "#diamond_axe" }
			}
		},
		{
			"__comment": "Voxels",
			"from": [ -11, 7, 9 ],
			"to": [ -7, 8, 10 ],
			"faces": {
				"down": { "uv": [ 15, 12, 16, 12.25 ], "texture": "#diamond_axe" },
				"up": { "uv": [ 15, 12, 16, 11.75 ], "texture": "#diamond_axe" },
				"north": { "uv": [ 16, 12.25, 15, 12.5 ], "texture": "#diamond_axe" },
				"south": { "uv": [ 3, 6.25, 4, 6.5 ], "texture": "#diamond_axe" },
				"west": { "uv": [ 11, 10.5, 11.25, 10.75 ], "texture": "#diamond_axe" },
				"east": { "uv": [ 11.5, 10.5, 11.25, 10.75 ], "texture": "#diamond_axe" }
			}
		},
		{
			"__comment": "Voxels",
			"from": [ -11, 8, 6 ],
			"to": [ -8, 9, 7 ],
			"faces": {
				"down": { "uv": [ 3, 1, 3.75, 1.25 ], "texture": "#diamond_axe" },
				"up": { "uv": [ 3, 1, 3.75, 0.75 ], "texture": "#diamond_axe" },
				"north": { "uv": [ 3.75, 0.5, 3, 0.75 ], "texture": "#diamond_axe" },
				"south": { "uv": [ 3, 0.25, 3.75, 0.5 ], "texture": "#diamond_axe" },
				"west": { "uv": [ 12, 10.5, 12.25, 10.75 ], "texture": "#diamond_axe" },
				"east": { "uv": [ 12.5, 10.5, 12.25, 10.75 ], "texture": "#diamond_axe" }
			}
		},
		{
			"__comment": "Voxels",
			"from": [ -11, 8, 10 ],
			"to": [ -8, 9, 11 ],
			"faces": {
				"down": { "uv": [ 4.25, 10.5, 5, 10.75 ], "texture": "#diamond_axe" },
				"up": { "uv": [ 4.25, 10.5, 5, 10.25 ], "texture": "#diamond_axe" },
				"north": { "uv": [ 5, 10, 4.25, 10.25 ], "texture": "#diamond_axe" },
				"south": { "uv": [ 4.25, 9.75, 5, 10 ], "texture": "#diamond_axe" },
				"west": { "uv": [ 14, 10.5, 14.25, 10.75 ], "texture": "#diamond_axe" },
				"east": { "uv": [ 14.5, 10.5, 14.25, 10.75 ], "texture": "#diamond_axe" }
			}
		},
		{
			"__comment": "Voxels",
			"from": [ -11, 9, 7 ],
			"to": [ -7, 10, 8 ],
			"faces": {
				"down": { "uv": [ 3, 7.25, 4, 7.5 ], "texture": "#diamond_axe" },
				"up": { "uv": [ 3, 7.75, 4, 7.5 ], "texture": "#diamond_axe" },
				"north": { "uv": [ 4, 8, 3, 8.25 ], "texture": "#diamond_axe" },
				"south": { "uv": [ 15, 13.5, 16, 13.75 ], "texture": "#diamond_axe" },
				"west": { "uv": [ 15, 10.5, 15.25, 10.75 ], "texture": "#diamond_axe" },
				"east": { "uv": [ 15.5, 10.5, 15.25, 10.75 ], "texture": "#diamond_axe" }
			}
		},
		{
			"__comment": "Voxels",
			"from": [ -11, 9, 9 ],
			"to": [ -7, 10, 10 ],
			"faces": {
				"down": { "uv": [ 3, 7, 4, 7.25 ], "texture": "#diamond_axe" },
				"up": { "uv": [ 15, 14, 16, 13.75 ], "texture": "#diamond_axe" },
				"north": { "uv": [ 4, 5.5, 3, 5.75 ], "texture": "#diamond_axe" },
				"south": { "uv": [ 3, 8.25, 4, 8.5 ], "texture": "#diamond_axe" },
				"west": { "uv": [ 15.5, 10.5, 15.75, 10.75 ], "texture": "#diamond_axe" },
				"east": { "uv": [ 16, 10.5, 15.75, 10.75 ], "texture": "#diamond_axe" }
			}
		},
		{
			"__comment": "Voxels",
			"from": [ -11, 10, 8 ],
			"to": [ -8, 11, 9 ],
			"faces": {
				"down": { "uv": [ 4.25, 8, 5, 8.25 ], "texture": "#diamond_axe" },
				"up": { "uv": [ 4.25, 8, 5, 7.75 ], "texture": "#diamond_axe" },
				"north": { "uv": [ 5, 7.5, 4.25, 7.75 ], "texture": "#diamond_axe" },
				"south": { "uv": [ 4.25, 7.25, 5, 7.5 ], "texture": "#diamond_axe" },
				"west": { "uv": [ 5.25, 9.75, 5.5, 10 ], "texture": "#diamond_axe" },
				"east": { "uv": [ 5.5, 9.5, 5.25, 9.75 ], "texture": "#diamond_axe" }
			}
		},
		{
			"__comment": "Voxels",
			"from": [ -10, 6, 7 ],
			"to": [ -9, 7, 8 ],
			"faces": {
				"down": { "uv": [ 5, 7, 5.25, 7.25 ], "texture": "#diamond_axe" },
				"up": { "uv": [ 5.25, 9, 5.5, 8.75 ], "texture": "#diamond_axe" },
				"north": { "uv": [ 5.5, 8.5, 5.25, 8.75 ], "texture": "#diamond_axe" },
				"south": { "uv": [ 5.25, 8.25, 5.5, 8.5 ], "texture": "#diamond_axe" },
				"west": { "uv": [ 5.25, 8, 5.5, 8.25 ], "texture": "#diamond_axe" },
				"east": { "uv": [ 5.5, 7.25, 5.25, 7.5 ], "texture": "#diamond_axe" }
			}
		},
		{
			"__comment": "Voxels",
			"from": [ -10, 6, 9 ],
			"to": [ -9, 7, 10 ],
			"faces": {
				"down": { "uv": [ 5.25, 7, 5.5, 7.25 ], "texture": "#diamond_axe" },
				"up": { "uv": [ 5.25, 4.75, 5.5, 4.5 ], "texture": "#diamond_axe" },
				"north": { "uv": [ 5.5, 4.75, 5.25, 5 ], "texture": "#diamond_axe" },
				"south": { "uv": [ 5.25, 6, 5.5, 6.25 ], "texture": "#diamond_axe" },
				"west": { "uv": [ 5.25, 6.25, 5.5, 6.5 ], "texture": "#diamond_axe" },
				"east": { "uv": [ 5.5, 7.5, 5.25, 7.75 ], "texture": "#diamond_axe" }
			}
		},
		{
			"__comment": "Voxels",
			"from": [ -10, 7, 6 ],
			"to": [ -9, 8, 7 ],
			"faces": {
				"down": { "uv": [ 5.25, 7.75, 5.5, 8 ], "texture": "#diamond_axe" },
				"up": { "uv": [ 5.25, 9.25, 5.5, 9 ], "texture": "#diamond_axe" },
				"north": { "uv": [ 5.5, 9.25, 5.25, 9.5 ], "texture": "#diamond_axe" },
				"south": { "uv": [ 5.25, 10.5, 5.5, 10.75 ], "texture": "#diamond_axe" },
				"west": { "uv": [ 15.75, 10.75, 16, 11 ], "texture": "#diamond_axe" },
				"east": { "uv": [ 5.25, 0, 5, 0.25 ], "texture": "#diamond_axe" }
			}
		},
		{
			"__comment": "Voxels",
			"from": [ -10, 7, 10 ],
			"to": [ -9, 8, 11 ],
			"faces": {
				"down": { "uv": [ 5, 0.25, 5.25, 0.5 ], "texture": "#diamond_axe" },
				"up": { "uv": [ 5, 7.75, 5.25, 7.5 ], "texture": "#diamond_axe" },
				"north": { "uv": [ 5.25, 7.75, 5, 8 ], "texture": "#diamond_axe" },
				"south": { "uv": [ 5, 8.5, 5.25, 8.75 ], "texture": "#diamond_axe" },
				"west": { "uv": [ 5, 8.75, 5.25, 9 ], "texture": "#diamond_axe" },
				"east": { "uv": [ 4.25, 7.25, 4, 7.5 ], "texture": "#diamond_axe" }
			}
		},
		{
			"__comment": "Voxels",
			"from": [ -10, 9, 6 ],
			"to": [ -9, 10, 7 ],
			"faces": {
				"down": { "uv": [ 4, 7.5, 4.25, 7.75 ], "texture": "#diamond_axe" },
				"up": { "uv": [ 4, 8.5, 4.25, 8.25 ], "texture": "#diamond_axe" },
				"north": { "uv": [ 4.25, 8.5, 4, 8.75 ], "texture": "#diamond_axe" },
				"south": { "uv": [ 4, 8.75, 4.25, 9 ], "texture": "#diamond_axe" },
				"west": { "uv": [ 4, 9, 4.25, 9.25 ], "texture": "#diamond_axe" },
				"east": { "uv": [ 3, 1.75, 2.75, 2 ], "texture": "#diamond_axe" }
			}
		},
		{
			"__comment": "Voxels",
			"from": [ -10, 9, 10 ],
			"to": [ -9, 10, 11 ],
			"faces": {
				"down": { "uv": [ 2.75, 2, 3, 2.25 ], "texture": "#diamond_axe" },
				"up": { "uv": [ 2.75, 3, 3, 2.75 ], "texture": "#diamond_axe" },
				"north": { "uv": [ 3, 3, 2.75, 3.25 ], "texture": "#diamond_axe" },
				"south": { "uv": [ 2.75, 3.25, 3, 3.5 ], "texture": "#diamond_axe" },
				"west": { "uv": [ 2.75, 3.5, 3, 3.75 ], "texture": "#diamond_axe" },
				"east": { "uv": [ 3, 4.25, 2.75, 4.5 ], "texture": "#diamond_axe" }
			}
		},
		{
			"__comment": "Voxels",
			"from": [ -10, 10, 7 ],
			"to": [ -9, 11, 8 ],
			"faces": {
				"down": { "uv": [ 2.75, 4.5, 3, 4.75 ], "texture": "#diamond_axe" },
				"up": { "uv": [ 2.75, 5, 3, 4.75 ], "texture": "#diamond_axe" },
				"north": { "uv": [ 3, 5, 2.75, 5.25 ], "texture": "#diamond_axe" },
				"south": { "uv": [ 2.75, 5.25, 3, 5.5 ], "texture": "#diamond_axe" },
				"west": { "uv": [ 2.75, 5.5, 3, 5.75 ], "texture": "#diamond_axe" },
				"east": { "uv": [ 1.25, 2.75, 1, 3 ], "texture": "#diamond_axe" }
			}
		},
		{
			"__comment": "Voxels",
			"from": [ -10, 10, 9 ],
			"to": [ -9, 11, 10 ],
			"faces": {
				"down": { "uv": [ 15.75, 12.75, 16, 13 ], "texture": "#diamond_axe" },
				"up": { "uv": [ 15.75, 14.25, 16, 14 ], "texture": "#diamond_axe" },
				"north": { "uv": [ 16, 14.25, 15.75, 14.5 ], "texture": "#diamond_axe" },
				"south": { "uv": [ 5.25, 3.75, 5.5, 4 ], "texture": "#diamond_axe" },
				"west": { "uv": [ 5.25, 4, 5.5, 4.25 ], "texture": "#diamond_axe" },
				"east": { "uv": [ 5.5, 5.25, 5.25, 5.5 ], "texture": "#diamond_axe" }
			}
		},
		{
			"__comment": "Voxels",
			"from": [ 7, 8, 0 ],
			"to": [ 12, 9, 2 ],
			"faces": {
				"down": { "uv": [ 0, 7, 1.25, 7.5 ], "texture": "#diamond_axe" },
				"up": { "uv": [ 0, 8, 1.25, 7.5 ], "texture": "#diamond_axe" },
				"north": { "uv": [ 2.5, 0, 1.25, 0.25 ], "texture": "#diamond_axe" },
				"south": { "uv": [ 3, 9.25, 4.25, 9.5 ], "texture": "#diamond_axe" },
				"west": { "uv": [ 3.75, 5.25, 4.25, 5.5 ], "texture": "#diamond_axe" },
				"east": { "uv": [ 3, 0.5, 2.5, 0.75 ], "texture": "#diamond_axe" }
			}
		},
		{
			"__comment": "Voxels",
			"from": [ 7, 8, 15 ],
			"to": [ 13, 9, 16 ],
			"faces": {
				"down": { "uv": [ 1.25, 4, 2.75, 4.25 ], "texture": "#diamond_axe" },
				"up": { "uv": [ 1.25, 4, 2.75, 3.75 ], "texture": "#diamond_axe" },
				"north": { "uv": [ 2.75, 3.5, 1.25, 3.75 ], "texture": "#diamond_axe" },
				"south": { "uv": [ 1.25, 3.25, 2.75, 3.5 ], "texture": "#diamond_axe" },
				"west": { "uv": [ 5.25, 5.5, 5.5, 5.75 ], "texture": "#diamond_axe" },
				"east": { "uv": [ 5.5, 6.75, 5.25, 7 ], "texture": "#diamond_axe" }
			}
		},
		{
			"__comment": "Voxels",
			"from": [ 7, 8, 16 ],
			"to": [ 12, 9, 17 ],
			"faces": {
				"down": { "uv": [ 1.25, 0.5, 2.5, 0.75 ], "texture": "#diamond_axe" },
				"up": { "uv": [ 1.25, 0.5, 2.5, 0.25 ], "texture": "#diamond_axe" },
				"north": { "uv": [ 1.25, 0, 0, 0.25 ], "texture": "#diamond_axe" },
				"south": { "uv": [ 3, 10.75, 4.25, 11 ], "texture": "#diamond_axe" },
				"west": { "uv": [ 13.25, 10.5, 13.5, 10.75 ], "texture": "#diamond_axe" },
				"east": { "uv": [ 13.25, 10.5, 13, 10.75 ], "texture": "#diamond_axe" }
			}
		},
		{
			"__comment": "Voxels",
			"from": [ 9, 8, -1 ],
			"to": [ 25, 9, 0 ],
			"faces": {
				"down": { "uv": [ 8.5, 14.25, 12.5, 14.5 ], "texture": "#diamond_axe" },
				"up": { "uv": [ 8.5, 14.75, 12.5, 14.5 ], "texture": "#diamond_axe" },
				"north": { "uv": [ 12.5, 14.75, 8.5, 15 ], "texture": "#diamond_axe" },
				"south": { "uv": [ 9.25, 15, 13.25, 15.25 ], "texture": "#diamond_axe" },
				"west": { "uv": [ 12.75, 10.5, 13, 10.75 ], "texture": "#diamond_axe" },
				"east": { "uv": [ 8.5, 10.5, 8.25, 10.75 ], "texture": "#diamond_axe" }
			}
		},
		{
			"__comment": "Voxels",
			"from": [ 9, 8, 17 ],
			"to": [ 25, 9, 18 ],
			"faces": {
				"down": { "uv": [ 9.25, 15.25, 13.25, 15.5 ], "texture": "#diamond_axe" },
				"up": { "uv": [ 9.25, 15.75, 13.25, 15.5 ], "texture": "#diamond_axe" },
				"north": { "uv": [ 13.25, 15.75, 9.25, 16 ], "texture": "#diamond_axe" },
				"south": { "uv": [ 8.5, 14, 12.5, 14.25 ], "texture": "#diamond_axe" },
				"west": { "uv": [ 8, 10.5, 8.25, 10.75 ], "texture": "#diamond_axe" },
				"east": { "uv": [ 7.5, 10.5, 7.25, 10.75 ], "texture": "#diamond_axe" }
			}
		},
		{
			"__comment": "Voxels",
			"from": [ 11, 8, -2 ],
			"to": [ 24, 9, -1 ],
			"faces": {
				"down": { "uv": [ 11.75, 13.5, 15, 13.75 ], "texture": "#diamond_axe" },
				"up": { "uv": [ 8.5, 13.75, 11.75, 13.5 ], "texture": "#diamond_axe" },
				"north": { "uv": [ 15, 13.75, 11.75, 14 ], "texture": "#diamond_axe" },
				"south": { "uv": [ 8.5, 13.75, 11.75, 14 ], "texture": "#diamond_axe" },
				"west": { "uv": [ 7, 10.5, 7.25, 10.75 ], "texture": "#diamond_axe" },
				"east": { "uv": [ 6, 10.5, 5.75, 10.75 ], "texture": "#diamond_axe" }
			}
		},
		{
			"__comment": "Voxels",
			"from": [ 11, 8, 18 ],
			"to": [ 24, 9, 19 ],
			"faces": {
				"down": { "uv": [ 12.5, 14, 15.75, 14.25 ], "texture": "#diamond_axe" },
				"up": { "uv": [ 12.5, 14.5, 15.75, 14.25 ], "texture": "#diamond_axe" },
				"north": { "uv": [ 15.75, 14.5, 12.5, 14.75 ], "texture": "#diamond_axe" },
				"south": { "uv": [ 12.5, 14.75, 15.75, 15 ], "texture": "#diamond_axe" },
				"west": { "uv": [ 5.5, 10.5, 5.75, 10.75 ], "texture": "#diamond_axe" },
				"east": { "uv": [ 15.25, 10.75, 15, 11 ], "texture": "#diamond_axe" }
			}
		},
		{
			"__comment": "Voxels",
			"from": [ 12, 8, 1 ],
			"to": [ 13, 9, 3 ],
			"faces": {
				"down": { "uv": [ 1, 3, 1.25, 3.5 ], "texture": "#diamond_axe" },
				"up": { "uv": [ 1, 2.25, 1.25, 1.75 ], "texture": "#diamond_axe" },
				"north": { "uv": [ 5.25, 1.5, 5, 1.75 ], "texture": "#diamond_axe" },
				"south": { "uv": [ 5, 1.75, 5.25, 2 ], "texture": "#diamond_axe" },
				"west": { "uv": [ 3.75, 1.25, 4.25, 1.5 ], "texture": "#diamond_axe" },
				"east": { "uv": [ 4.25, 1.5, 3.75, 1.75 ], "texture": "#diamond_axe" }
			}
		},
		{
			"__comment": "Voxels",
			"from": [ 12, 8, 14 ],
			"to": [ 22, 9, 15 ],
			"faces": {
				"down": { "uv": [ 13.25, 12.75, 15.75, 13 ], "texture": "#diamond_axe" },
				"up": { "uv": [ 8.25, 12.75, 10.75, 12.5 ], "texture": "#diamond_axe" },
				"north": { "uv": [ 10.75, 12.75, 8.25, 13 ], "texture": "#diamond_axe" },
				"south": { "uv": [ 10.75, 12.75, 13.25, 13 ], "texture": "#diamond_axe" },
				"west": { "uv": [ 5, 4, 5.25, 4.25 ], "texture": "#diamond_axe" },
				"east": { "uv": [ 5.25, 4.25, 5, 4.5 ], "texture": "#diamond_axe" }
			}
		},
		{
			"__comment": "Voxels",
			"from": [ 13, 8, 0 ],
			"to": [ 24, 9, 1 ],
			"faces": {
				"down": { "uv": [ 13.25, 15.75, 16, 16 ], "texture": "#diamond_axe" },
				"up": { "uv": [ 13.25, 15.75, 16, 15.5 ], "texture": "#diamond_axe" },
				"north": { "uv": [ 16, 15.25, 13.25, 15.5 ], "texture": "#diamond_axe" },
				"south": { "uv": [ 13.25, 15, 16, 15.25 ], "texture": "#diamond_axe" },
				"west": { "uv": [ 5, 4.5, 5.25, 4.75 ], "texture": "#diamond_axe" },
				"east": { "uv": [ 5.25, 4.75, 5, 5 ], "texture": "#diamond_axe" }
			}
		},
		{
			"__comment": "Voxels",
			"from": [ 13, 8, 2 ],
			"to": [ 22, 9, 3 ],
			"faces": {
				"down": { "uv": [ 10.5, 12.25, 12.75, 12.5 ], "texture": "#diamond_axe" },
				"up": { "uv": [ 10.75, 12.75, 13, 12.5 ], "texture": "#diamond_axe" },
				"north": { "uv": [ 15, 12.25, 12.75, 12.5 ], "texture": "#diamond_axe" },
				"south": { "uv": [ 8.25, 12, 10.5, 12.25 ], "texture": "#diamond_axe" },
				"west": { "uv": [ 5, 6, 5.25, 6.25 ], "texture": "#diamond_axe" },
				"east": { "uv": [ 5.25, 6.25, 5, 6.5 ], "texture": "#diamond_axe" }
			}
		},
		{
			"__comment": "Voxels",
			"from": [ 13, 8, 16 ],
			"to": [ 24, 9, 17 ],
			"faces": {
				"down": { "uv": [ 8.5, 13.25, 11.25, 13.5 ], "texture": "#diamond_axe" },
				"up": { "uv": [ 11.25, 13.5, 14, 13.25 ], "texture": "#diamond_axe" },
				"north": { "uv": [ 11.25, 13, 8.5, 13.25 ], "texture": "#diamond_axe" },
				"south": { "uv": [ 11.25, 13, 14, 13.25 ], "texture": "#diamond_axe" },
				"west": { "uv": [ 5.25, 10, 5.5, 10.25 ], "texture": "#diamond_axe" },
				"east": { "uv": [ 5.25, 7.25, 5, 7.5 ], "texture": "#diamond_axe" }
			}
		},
		{
			"__comment": "Voxels",
			"from": [ 14, 7, 7 ],
			"to": [ 20, 8, 8 ],
			"faces": {
				"down": { "uv": [ 1.25, 2, 2.75, 2.25 ], "texture": "#diamond_axe" },
				"up": { "uv": [ 1.25, 2, 2.75, 1.75 ], "texture": "#diamond_axe" },
				"north": { "uv": [ 2.75, 1.5, 1.25, 1.75 ], "texture": "#diamond_axe" },
				"south": { "uv": [ 1.25, 1.25, 2.75, 1.5 ], "texture": "#diamond_axe" },
				"west": { "uv": [ 4.25, 0, 4.5, 0.25 ], "texture": "#diamond_axe" },
				"east": { "uv": [ 4.25, 5.5, 4, 5.75 ], "texture": "#diamond_axe" }
			}
		},
		{
			"__comment": "Voxels",
			"from": [ 14, 7, 9 ],
			"to": [ 20, 8, 10 ],
			"faces": {
				"down": { "uv": [ 1.25, 5.5, 2.75, 5.75 ], "texture": "#diamond_axe" },
				"up": { "uv": [ 1.25, 5.5, 2.75, 5.25 ], "texture": "#diamond_axe" },
				"north": { "uv": [ 2.75, 5, 1.25, 5.25 ], "texture": "#diamond_axe" },
				"south": { "uv": [ 1.25, 4.75, 2.75, 5 ], "texture": "#diamond_axe" },
				"west": { "uv": [ 4, 6.25, 4.25, 6.5 ], "texture": "#diamond_axe" },
				"east": { "uv": [ 4.25, 7, 4, 7.25 ], "texture": "#diamond_axe" }
			}
		},
		{
			"__comment": "Voxels",
			"from": [ 14, 8, 1 ],
			"to": [ 23, 9, 2 ],
			"faces": {
				"down": { "uv": [ 12.75, 12, 15, 12.25 ], "texture": "#diamond_axe" },
				"up": { "uv": [ 8.25, 12, 10.5, 11.75 ], "texture": "#diamond_axe" },
				"north": { "uv": [ 10.5, 12.25, 8.25, 12.5 ], "texture": "#diamond_axe" },
				"south": { "uv": [ 10.5, 12, 12.75, 12.25 ], "texture": "#diamond_axe" },
				"west": { "uv": [ 2.75, 2.25, 3, 2.5 ], "texture": "#diamond_axe" },
				"east": { "uv": [ 3, 2.5, 2.75, 2.75 ], "texture": "#diamond_axe" }
			}
		},
		{
			"__comment": "Voxels",
			"from": [ 14, 8, 3 ],
			"to": [ 22, 9, 4 ],
			"faces": {
				"down": { "uv": [ 12.25, 11.25, 14.25, 11.5 ], "texture": "#diamond_axe" },
				"up": { "uv": [ 10.5, 11.75, 12.5, 11.5 ], "texture": "#diamond_axe" },
				"north": { "uv": [ 14.5, 11.5, 12.5, 11.75 ], "texture": "#diamond_axe" },
				"south": { "uv": [ 10.25, 11.25, 12.25, 11.5 ], "texture": "#diamond_axe" },
				"west": { "uv": [ 2.75, 3.75, 3, 4 ], "texture": "#diamond_axe" },
				"east": { "uv": [ 3, 4, 2.75, 4.25 ], "texture": "#diamond_axe" }
			}
		},
		{
			"__comment": "Voxels",
			"from": [ 14, 8, 13 ],
			"to": [ 22, 9, 14 ],
			"faces": {
				"down": { "uv": [ 8.25, 11, 10.25, 11.25 ], "texture": "#diamond_axe" },
				"up": { "uv": [ 8.25, 11.5, 10.25, 11.25 ], "texture": "#diamond_axe" },
				"north": { "uv": [ 16, 13.25, 14, 13.5 ], "texture": "#diamond_axe" },
				"south": { "uv": [ 14, 13, 16, 13.25 ], "texture": "#diamond_axe" },
				"west": { "uv": [ 15.75, 14.75, 16, 15 ], "texture": "#diamond_axe" },
				"east": { "uv": [ 16, 14.5, 15.75, 14.75 ], "texture": "#diamond_axe" }
			}
		},
		{
			"__comment": "Voxels",
			"from": [ 14, 8, 15 ],
			"to": [ 23, 9, 16 ],
			"faces": {
				"down": { "uv": [ 8.25, 11.5, 10.5, 11.75 ], "texture": "#diamond_axe" },
				"up": { "uv": [ 10.5, 12, 12.75, 11.75 ], "texture": "#diamond_axe" },
				"north": { "uv": [ 15, 11.75, 12.75, 12 ], "texture": "#diamond_axe" },
				"south": { "uv": [ 13, 12.5, 15.25, 12.75 ], "texture": "#diamond_axe" },
				"west": { "uv": [ 2.75, 1.5, 3, 1.75 ], "texture": "#diamond_axe" },
				"east": { "uv": [ 3, 1.25, 2.75, 1.5 ], "texture": "#diamond_axe" }
			}
		},
		{
			"__comment": "Voxels",
			"from": [ 14, 9, 7 ],
			"to": [ 20, 10, 8 ],
			"faces": {
				"down": { "uv": [ 1.25, 4.25, 2.75, 4.5 ], "texture": "#diamond_axe" },
				"up": { "uv": [ 1.25, 4.75, 2.75, 4.5 ], "texture": "#diamond_axe" },
				"north": { "uv": [ 2.75, 5.75, 1.25, 6 ], "texture": "#diamond_axe" },
				"south": { "uv": [ 14.5, 11.5, 16, 11.75 ], "texture": "#diamond_axe" },
				"west": { "uv": [ 5, 8.25, 5.25, 8.5 ], "texture": "#diamond_axe" },
				"east": { "uv": [ 5.25, 8, 5, 8.25 ], "texture": "#diamond_axe" }
			}
		},
		{
			"__comment": "Voxels",
			"from": [ 14, 9, 9 ],
			"to": [ 20, 10, 10 ],
			"faces": {
				"down": { "uv": [ 1.25, 2.25, 2.75, 2.5 ], "texture": "#diamond_axe" },
				"up": { "uv": [ 1.25, 2.75, 2.75, 2.5 ], "texture": "#diamond_axe" },
				"north": { "uv": [ 2.75, 2.75, 1.25, 3 ], "texture": "#diamond_axe" },
				"south": { "uv": [ 1.25, 3, 2.75, 3.25 ], "texture": "#diamond_axe" },
				"west": { "uv": [ 5, 5.75, 5.25, 6 ], "texture": "#diamond_axe" },
				"east": { "uv": [ 5.25, 5.5, 5, 5.75 ], "texture": "#diamond_axe" }
			}
		},
		{
			"__comment": "Voxels",
			"from": [ 15, 7, -1 ],
			"to": [ 22, 8, 0 ],
			"faces": {
				"down": { "uv": [ 1.25, 9.5, 3, 9.75 ], "texture": "#diamond_axe" },
				"up": { "uv": [ 1.25, 10, 3, 9.75 ], "texture": "#diamond_axe" },
				"north": { "uv": [ 3, 10.5, 1.25, 10.75 ], "texture": "#diamond_axe" },
				"south": { "uv": [ 12, 11, 13.75, 11.25 ], "texture": "#diamond_axe" },
				"west": { "uv": [ 5, 3.25, 5.25, 3.5 ], "texture": "#diamond_axe" },
				"east": { "uv": [ 5.25, 3, 5, 3.25 ], "texture": "#diamond_axe" }
			}
		},
		{
			"__comment": "Voxels",
			"from": [ 15, 7, 17 ],
			"to": [ 22, 8, 18 ],
			"faces": {
				"down": { "uv": [ 1.25, 6.25, 3, 6.5 ], "texture": "#diamond_axe" },
				"up": { "uv": [ 1.25, 6.75, 3, 6.5 ], "texture": "#diamond_axe" },
				"north": { "uv": [ 3, 6.75, 1.25, 7 ], "texture": "#diamond_axe" },
				"south": { "uv": [ 1.25, 7, 3, 7.25 ], "texture": "#diamond_axe" },
				"west": { "uv": [ 5, 1.25, 5.25, 1.5 ], "texture": "#diamond_axe" },
				"east": { "uv": [ 5.25, 1, 5, 1.25 ], "texture": "#diamond_axe" }
			}
		},
		{
			"__comment": "Voxels",
			"from": [ 15, 8, -3 ],
			"to": [ 22, 9, -2 ],
			"faces": {
				"down": { "uv": [ 1.25, 7.5, 3, 7.75 ], "texture": "#diamond_axe" },
				"up": { "uv": [ 1.25, 8, 3, 7.75 ], "texture": "#diamond_axe" },
				"north": { "uv": [ 3, 9.25, 1.25, 9.5 ], "texture": "#diamond_axe" },
				"south": { "uv": [ 1.25, 8.5, 3, 8.75 ], "texture": "#diamond_axe" },
				"west": { "uv": [ 6.5, 10.5, 6.75, 10.75 ], "texture": "#diamond_axe" },
				"east": { "uv": [ 7, 10.5, 6.75, 10.75 ], "texture": "#diamond_axe" }
			}
		},
		{
			"__comment": "Voxels",
			"from": [ 15, 8, 19 ],
			"to": [ 22, 9, 20 ],
			"faces": {
				"down": { "uv": [ 1.25, 8.25, 3, 8.5 ], "texture": "#diamond_axe" },
				"up": { "uv": [ 1.25, 9.25, 3, 9 ], "texture": "#diamond_axe" },
				"north": { "uv": [ 3, 8.75, 1.25, 9 ], "texture": "#diamond_axe" },
				"south": { "uv": [ 1.25, 8, 3, 8.25 ], "texture": "#diamond_axe" },
				"west": { "uv": [ 8.5, 10.5, 8.75, 10.75 ], "texture": "#diamond_axe" },
				"east": { "uv": [ 12.75, 10.5, 12.5, 10.75 ], "texture": "#diamond_axe" }
			}
		},
		{
			"__comment": "Voxels",
			"from": [ 15, 9, -1 ],
			"to": [ 22, 10, 0 ],
			"faces": {
				"down": { "uv": [ 1.25, 10, 3, 10.25 ], "texture": "#diamond_axe" },
				"up": { "uv": [ 14.25, 11.5, 16, 11.25 ], "texture": "#diamond_axe" },
				"north": { "uv": [ 3, 7.25, 1.25, 7.5 ], "texture": "#diamond_axe" },
				"south": { "uv": [ 13.75, 11, 15.5, 11.25 ], "texture": "#diamond_axe" },
				"west": { "uv": [ 5.25, 6.5, 5.5, 6.75 ], "texture": "#diamond_axe" },
				"east": { "uv": [ 5.5, 5.75, 5.25, 6 ], "texture": "#diamond_axe" }
			}
		},
		{
			"__comment": "Voxels",
			"from": [ 15, 9, 17 ],
			"to": [ 22, 10, 18 ],
			"faces": {
				"down": { "uv": [ 1.25, 10.75, 3, 11 ], "texture": "#diamond_axe" },
				"up": { "uv": [ 1.25, 6.25, 3, 6 ], "texture": "#diamond_axe" },
				"north": { "uv": [ 3, 10.25, 1.25, 10.5 ], "texture": "#diamond_axe" },
				"south": { "uv": [ 10.25, 11, 12, 11.25 ], "texture": "#diamond_axe" },
				"west": { "uv": [ 5.25, 5, 5.5, 5.25 ], "texture": "#diamond_axe" },
				"east": { "uv": [ 5.5, 4.25, 5.25, 4.5 ], "texture": "#diamond_axe" }
			}
		},
		{
			"__comment": "Voxels",
			"from": [ 16, 7, 0 ],
			"to": [ 18, 8, 3 ],
			"faces": {
				"down": { "uv": [ 0.5, 1.5, 1, 2.25 ], "texture": "#diamond_axe" },
				"up": { "uv": [ 0, 2.25, 0.5, 1.5 ], "texture": "#diamond_axe" },
				"north": { "uv": [ 4.25, 3.5, 3.75, 3.75 ], "texture": "#diamond_axe" },
				"south": { "uv": [ 3.75, 3.25, 4.25, 3.5 ], "texture": "#diamond_axe" },
				"west": { "uv": [ 4.25, 4.5, 5, 4.75 ], "texture": "#diamond_axe" },
				"east": { "uv": [ 5, 4.25, 4.25, 4.5 ], "texture": "#diamond_axe" }
			}
		},
		{
			"__comment": "Voxels",
			"from": [ 16, 7, 14 ],
			"to": [ 21, 8, 15 ],
			"faces": {
				"down": { "uv": [ 0, 0.75, 1.25, 1 ], "texture": "#diamond_axe" },
				"up": { "uv": [ 0, 1.5, 1.25, 1.25 ], "texture": "#diamond_axe" },
				"north": { "uv": [ 1.25, 0.25, 0, 0.5 ], "texture": "#diamond_axe" },
				"south": { "uv": [ 0, 0.5, 1.25, 0.75 ], "texture": "#diamond_axe" },
				"west": { "uv": [ 1, 1.5, 1.25, 1.75 ], "texture": "#diamond_axe" },
				"east": { "uv": [ 3, 5.75, 2.75, 6 ], "texture": "#diamond_axe" }
			}
		},
		{
			"__comment": "Voxels",
			"from": [ 16, 7, 15 ],
			"to": [ 18, 8, 17 ],
			"faces": {
				"down": { "uv": [ 0.75, 6, 1.25, 6.5 ], "texture": "#diamond_axe" },
				"up": { "uv": [ 2.5, 0.5, 3, 0 ], "texture": "#diamond_axe" },
				"north": { "uv": [ 4.25, 4.25, 3.75, 4.5 ], "texture": "#diamond_axe" },
				"south": { "uv": [ 3.75, 3.75, 4.25, 4 ], "texture": "#diamond_axe" },
				"west": { "uv": [ 3.75, 3, 4.25, 3.25 ], "texture": "#diamond_axe" },
				"east": { "uv": [ 4.25, 2.75, 3.75, 3 ], "texture": "#diamond_axe" }
			}
		},
		{
			"__comment": "Voxels",
			"from": [ 16, 8, 4 ],
			"to": [ 21, 9, 7 ],
			"faces": {
				"down": { "uv": [ 0, 10.25, 1.25, 11 ], "texture": "#diamond_axe" },
				"up": { "uv": [ 0, 10.25, 1.25, 9.5 ], "texture": "#diamond_axe" },
				"north": { "uv": [ 2.5, 1, 1.25, 1.25 ], "texture": "#diamond_axe" },
				"south": { "uv": [ 0, 1, 1.25, 1.25 ], "texture": "#diamond_axe" },
				"west": { "uv": [ 4.25, 4, 5, 4.25 ], "texture": "#diamond_axe" },
				"east": { "uv": [ 5, 3.75, 4.25, 4 ], "texture": "#diamond_axe" }
			}
		},
		{
			"__comment": "Voxels",
			"from": [ 16, 8, 10 ],
			"to": [ 21, 9, 13 ],
			"faces": {
				"down": { "uv": [ 0, 8.75, 1.25, 9.5 ], "texture": "#diamond_axe" },
				"up": { "uv": [ 0, 8.75, 1.25, 8 ], "texture": "#diamond_axe" },
				"north": { "uv": [ 2.5, 0.75, 1.25, 1 ], "texture": "#diamond_axe" },
				"south": { "uv": [ 3, 10.5, 4.25, 10.75 ], "texture": "#diamond_axe" },
				"west": { "uv": [ 4.25, 3.5, 5, 3.75 ], "texture": "#diamond_axe" },
				"east": { "uv": [ 5, 3.25, 4.25, 3.5 ], "texture": "#diamond_axe" }
			}
		},
		{
			"__comment": "Voxels",
			"from": [ 16, 9, 0 ],
			"to": [ 18, 10, 3 ],
			"faces": {
				"down": { "uv": [ 0.5, 2.75, 1, 3.5 ], "texture": "#diamond_axe" },
				"up": { "uv": [ 0, 3.5, 0.5, 2.75 ], "texture": "#diamond_axe" },
				"north": { "uv": [ 4.25, 4.75, 3.75, 5 ], "texture": "#diamond_axe" },
				"south": { "uv": [ 3.75, 4.5, 4.25, 4.75 ], "texture": "#diamond_axe" },
				"west": { "uv": [ 4.25, 3, 5, 3.25 ], "texture": "#diamond_axe" },
				"east": { "uv": [ 5, 2.75, 4.25, 3 ], "texture": "#diamond_axe" }
			}
		},
		{
			"__comment": "Voxels",
			"from": [ 16, 9, 14 ],
			"to": [ 21, 10, 15 ],
			"faces": {
				"down": { "uv": [ 3, 10.25, 4.25, 10.5 ], "texture": "#diamond_axe" },
				"up": { "uv": [ 3, 10.25, 4.25, 10 ], "texture": "#diamond_axe" },
				"north": { "uv": [ 4.25, 9.75, 3, 10 ], "texture": "#diamond_axe" },
				"south": { "uv": [ 3, 9.5, 4.25, 9.75 ], "texture": "#diamond_axe" },
				"west": { "uv": [ 4, 8, 4.25, 8.25 ], "texture": "#diamond_axe" },
				"east": { "uv": [ 4.25, 7.75, 4, 8 ], "texture": "#diamond_axe" }
			}
		},
		{
			"__comment": "Voxels",
			"from": [ 16, 9, 15 ],
			"to": [ 18, 10, 17 ],
			"faces": {
				"down": { "uv": [ 0.75, 4, 1.25, 4.5 ], "texture": "#diamond_axe" },
				"up": { "uv": [ 0.75, 4, 1.25, 3.5 ], "texture": "#diamond_axe" },
				"north": { "uv": [ 3, 0.75, 2.5, 1 ], "texture": "#diamond_axe" },
				"south": { "uv": [ 3.75, 5, 4.25, 5.25 ], "texture": "#diamond_axe" },
				"west": { "uv": [ 3.75, 2.5, 4.25, 2.75 ], "texture": "#diamond_axe" },
				"east": { "uv": [ 4.25, 2.25, 3.75, 2.5 ], "texture": "#diamond_axe" }
			}
		},
		{
			"__comment": "Voxels",
			"from": [ 17, 7, -2 ],
			"to": [ 20, 8, -1 ],
			"faces": {
				"down": { "uv": [ 4.25, 2.5, 5, 2.75 ], "texture": "#diamond_axe" },
				"up": { "uv": [ 4.25, 2.5, 5, 2.25 ], "texture": "#diamond_axe" },
				"north": { "uv": [ 5, 2, 4.25, 2.25 ], "texture": "#diamond_axe" },
				"south": { "uv": [ 4.25, 1.75, 5, 2 ], "texture": "#diamond_axe" },
				"west": { "uv": [ 5, 9.25, 5.25, 9.5 ], "texture": "#diamond_axe" },
				"east": { "uv": [ 5.25, 9, 5, 9.25 ], "texture": "#diamond_axe" }
			}
		},
		{
			"__comment": "Voxels",
			"from": [ 17, 7, 3 ],
			"to": [ 20, 8, 5 ],
			"faces": {
				"down": { "uv": [ 0, 2.25, 0.75, 2.75 ], "texture": "#diamond_axe" },
				"up": { "uv": [ 0, 4, 0.75, 3.5 ], "texture": "#diamond_axe" },
				"north": { "uv": [ 5, 1.5, 4.25, 1.75 ], "texture": "#diamond_axe" },
				"south": { "uv": [ 4.25, 1.25, 5, 1.5 ], "texture": "#diamond_axe" },
				"west": { "uv": [ 15.5, 11, 16, 11.25 ], "texture": "#diamond_axe" },
				"east": { "uv": [ 3, 1, 2.5, 1.25 ], "texture": "#diamond_axe" }
			}
		},
		{
			"__comment": "Voxels",
			"from": [ 17, 7, 12 ],
			"to": [ 20, 8, 14 ],
			"faces": {
				"down": { "uv": [ 0, 4, 0.75, 4.5 ], "texture": "#diamond_axe" },
				"up": { "uv": [ 0, 5, 0.75, 4.5 ], "texture": "#diamond_axe" },
				"north": { "uv": [ 16, 12.5, 15.25, 12.75 ], "texture": "#diamond_axe" },
				"south": { "uv": [ 3.5, 6, 4.25, 6.25 ], "texture": "#diamond_axe" },
				"west": { "uv": [ 3.75, 2, 4.25, 2.25 ], "texture": "#diamond_axe" },
				"east": { "uv": [ 4.25, 1.75, 3.75, 2 ], "texture": "#diamond_axe" }
			}
		},
		{
			"__comment": "Voxels",
			"from": [ 17, 7, 18 ],
			"to": [ 20, 8, 19 ],
			"faces": {
				"down": { "uv": [ 3.5, 5.75, 4.25, 6 ], "texture": "#diamond_axe" },
				"up": { "uv": [ 3, 5.5, 3.75, 5.25 ], "texture": "#diamond_axe" },
				"north": { "uv": [ 3.75, 5, 3, 5.25 ], "texture": "#diamond_axe" },
				"south": { "uv": [ 3, 4.75, 3.75, 5 ], "texture": "#diamond_axe" },
				"west": { "uv": [ 5, 5.25, 5.25, 5.5 ], "texture": "#diamond_axe" },
				"east": { "uv": [ 5.25, 5, 5, 5.25 ], "texture": "#diamond_axe" }
			}
		},
		{
			"__comment": "Voxels",
			"from": [ 17, 8, -4 ],
			"to": [ 20, 9, -3 ],
			"faces": {
				"down": { "uv": [ 3, 4.5, 3.75, 4.75 ], "texture": "#diamond_axe" },
				"up": { "uv": [ 3, 4.5, 3.75, 4.25 ], "texture": "#diamond_axe" },
				"north": { "uv": [ 3.75, 4, 3, 4.25 ], "texture": "#diamond_axe" },
				"south": { "uv": [ 3, 3.75, 3.75, 4 ], "texture": "#diamond_axe" },
				"west": { "uv": [ 5, 3.75, 5.25, 4 ], "texture": "#diamond_axe" },
				"east": { "uv": [ 5.25, 3.5, 5, 3.75 ], "texture": "#diamond_axe" }
			}
		},
		{
			"__comment": "Voxels",
			"from": [ 17, 8, 20 ],
			"to": [ 20, 9, 21 ],
			"faces": {
				"down": { "uv": [ 3, 2.5, 3.75, 2.75 ], "texture": "#diamond_axe" },
				"up": { "uv": [ 3, 2.5, 3.75, 2.25 ], "texture": "#diamond_axe" },
				"north": { "uv": [ 3.75, 2, 3, 2.25 ], "texture": "#diamond_axe" },
				"south": { "uv": [ 3, 1.75, 3.75, 2 ], "texture": "#diamond_axe" },
				"west": { "uv": [ 5, 2.25, 5.25, 2.5 ], "texture": "#diamond_axe" },
				"east": { "uv": [ 5.25, 2, 5, 2.25 ], "texture": "#diamond_axe" }
			}
		},
		{
			"__comment": "Voxels",
			"from": [ 17, 9, -2 ],
			"to": [ 20, 10, -1 ],
			"faces": {
				"down": { "uv": [ 3, 1.5, 3.75, 1.75 ], "texture": "#diamond_axe" },
				"up": { "uv": [ 3, 1.5, 3.75, 1.25 ], "texture": "#diamond_axe" },
				"north": { "uv": [ 3.75, 0, 3, 0.25 ], "texture": "#diamond_axe" },
				"south": { "uv": [ 4.25, 10.75, 5, 11 ], "texture": "#diamond_axe" },
				"west": { "uv": [ 5, 0.75, 5.25, 1 ], "texture": "#diamond_axe" },
				"east": { "uv": [ 5.25, 0.5, 5, 0.75 ], "texture": "#diamond_axe" }
			}
		},
		{
			"__comment": "Voxels",
			"from": [ 17, 9, 3 ],
			"to": [ 20, 10, 5 ],
			"faces": {
				"down": { "uv": [ 0, 5, 0.75, 5.5 ], "texture": "#diamond_axe" },
				"up": { "uv": [ 0, 6, 0.75, 5.5 ], "texture": "#diamond_axe" },
				"north": { "uv": [ 5, 9.5, 4.25, 9.75 ], "texture": "#diamond_axe" },
				"south": { "uv": [ 4.25, 9.25, 5, 9.5 ], "texture": "#diamond_axe" },
				"west": { "uv": [ 3.75, 1, 4.25, 1.25 ], "texture": "#diamond_axe" },
				"east": { "uv": [ 4.25, 0.75, 3.75, 1 ], "texture": "#diamond_axe" }
			}
		},
		{
			"__comment": "Voxels",
			"from": [ 17, 9, 12 ],
			"to": [ 20, 10, 14 ],
			"faces": {
				"down": { "uv": [ 0, 6, 0.75, 6.5 ], "texture": "#diamond_axe" },
				"up": { "uv": [ 0, 7, 0.75, 6.5 ], "texture": "#diamond_axe" },
				"north": { "uv": [ 5, 9, 4.25, 9.25 ], "texture": "#diamond_axe" },
				"south": { "uv": [ 4.25, 8.75, 5, 9 ], "texture": "#diamond_axe" },
				"west": { "uv": [ 3.75, 0.5, 4.25, 0.75 ], "texture": "#diamond_axe" },
				"east": { "uv": [ 4.25, 0.25, 3.75, 0.5 ], "texture": "#diamond_axe" }
			}
		},
		{
			"__comment": "Voxels",
			"from": [ 17, 9, 18 ],
			"to": [ 20, 10, 19 ],
			"faces": {
				"down": { "uv": [ 4.25, 8.5, 5, 8.75 ], "texture": "#diamond_axe" },
				"up": { "uv": [ 4.25, 8.5, 5, 8.25 ], "texture": "#diamond_axe" },
				"north": { "uv": [ 5, 7, 4.25, 7.25 ], "texture": "#diamond_axe" },
				"south": { "uv": [ 4.25, 6.75, 5, 7 ], "texture": "#diamond_axe" },
				"west": { "uv": [ 7.5, 10.5, 7.75, 10.75 ], "texture": "#diamond_axe" },
				"east": { "uv": [ 8, 10.5, 7.75, 10.75 ], "texture": "#diamond_axe" }
			}
		},
		{
			"__comment": "Voxels",
			"from": [ 18, 7, 2 ],
			"to": [ 21, 8, 3 ],
			"faces": {
				"down": { "uv": [ 4.25, 6.5, 5, 6.75 ], "texture": "#diamond_axe" },
				"up": { "uv": [ 4.25, 6.5, 5, 6.25 ], "texture": "#diamond_axe" },
				"north": { "uv": [ 5, 6, 4.25, 6.25 ], "texture": "#diamond_axe" },
				"south": { "uv": [ 4.25, 4.75, 5, 5 ], "texture": "#diamond_axe" },
				"west": { "uv": [ 9, 10.5, 9.25, 10.75 ], "texture": "#diamond_axe" },
				"east": { "uv": [ 9.5, 10.5, 9.25, 10.75 ], "texture": "#diamond_axe" }
			}
		},
		{
			"__comment": "Voxels",
			"from": [ 18, 7, 5 ],
			"to": [ 19, 8, 7 ],
			"faces": {
				"down": { "uv": [ 4, 6.5, 4.25, 7 ], "texture": "#diamond_axe" },
				"up": { "uv": [ 4.25, 1.25, 4.5, 0.75 ], "texture": "#diamond_axe" },
				"north": { "uv": [ 10.25, 10.5, 10, 10.75 ], "texture": "#diamond_axe" },
				"south": { "uv": [ 10.25, 10.5, 10.5, 10.75 ], "texture": "#diamond_axe" },
				"west": { "uv": [ 3.75, 0, 4.25, 0.25 ], "texture": "#diamond_axe" },
				"east": { "uv": [ 5, 1, 4.5, 1.25 ], "texture": "#diamond_axe" }
			}
		},
		{
			"__comment": "Voxels",
			"from": [ 18, 7, 10 ],
			"to": [ 19, 8, 12 ],
			"faces": {
				"down": { "uv": [ 4.25, 0.25, 4.5, 0.75 ], "texture": "#diamond_axe" },
				"up": { "uv": [ 4.5, 0.75, 4.75, 0.25 ], "texture": "#diamond_axe" },
				"north": { "uv": [ 11.75, 10.5, 11.5, 10.75 ], "texture": "#diamond_axe" },
				"south": { "uv": [ 11.75, 10.5, 12, 10.75 ], "texture": "#diamond_axe" },
				"west": { "uv": [ 4.5, 0.75, 5, 1 ], "texture": "#diamond_axe" },
				"east": { "uv": [ 5, 0, 4.5, 0.25 ], "texture": "#diamond_axe" }
			}
		},
		{
			"__comment": "Voxels",
			"from": [ 18, 9, 2 ],
			"to": [ 21, 10, 3 ],
			"faces": {
				"down": { "uv": [ 4.25, 5.75, 5, 6 ], "texture": "#diamond_axe" },
				"up": { "uv": [ 4.25, 5.75, 5, 5.5 ], "texture": "#diamond_axe" },
				"north": { "uv": [ 5, 5.25, 4.25, 5.5 ], "texture": "#diamond_axe" },
				"south": { "uv": [ 4.25, 5, 5, 5.25 ], "texture": "#diamond_axe" },
				"west": { "uv": [ 13.5, 10.5, 13.75, 10.75 ], "texture": "#diamond_axe" },
				"east": { "uv": [ 14, 10.5, 13.75, 10.75 ], "texture": "#diamond_axe" }
			}
		},
		{
			"__comment": "Voxels",
			"from": [ 18, 9, 5 ],
			"to": [ 19, 10, 7 ],
			"faces": {
				"down": { "uv": [ 4.75, 0.25, 5, 0.75 ], "texture": "#diamond_axe" },
				"up": { "uv": [ 5, 11, 5.25, 10.5 ], "texture": "#diamond_axe" },
				"north": { "uv": [ 14.75, 10.5, 14.5, 10.75 ], "texture": "#diamond_axe" },
				"south": { "uv": [ 14.75, 10.5, 15, 10.75 ], "texture": "#diamond_axe" },
				"west": { "uv": [ 5.25, 10.75, 5.75, 11 ], "texture": "#diamond_axe" },
				"east": { "uv": [ 6.25, 10.75, 5.75, 11 ], "texture": "#diamond_axe" }
			}
		},
		{
			"__comment": "Voxels",
			"from": [ 18, 9, 10 ],
			"to": [ 19, 10, 12 ],
			"faces": {
				"down": { "uv": [ 5, 10, 5.25, 10.5 ], "texture": "#diamond_axe" },
				"up": { "uv": [ 5, 10, 5.25, 9.5 ], "texture": "#diamond_axe" },
				"north": { "uv": [ 5.5, 10.25, 5.25, 10.5 ], "texture": "#diamond_axe" },
				"south": { "uv": [ 5.25, 3.5, 5.5, 3.75 ], "texture": "#diamond_axe" },
				"west": { "uv": [ 6.25, 10.75, 6.75, 11 ], "texture": "#diamond_axe" },
				"east": { "uv": [ 7.25, 10.75, 6.75, 11 ], "texture": "#diamond_axe" }
			}
		},
		{
			"__comment": "Voxels",
			"from": [ 19, 7, 0 ],
			"to": [ 21, 8, 2 ],
			"faces": {
				"down": { "uv": [ 0.75, 2.25, 1.25, 2.75 ], "texture": "#diamond_axe" },
				"up": { "uv": [ 3, 6.25, 3.5, 5.75 ], "texture": "#diamond_axe" },
				"north": { "uv": [ 7.75, 10.75, 7.25, 11 ], "texture": "#diamond_axe" },
				"south": { "uv": [ 7.75, 10.75, 8.25, 11 ], "texture": "#diamond_axe" },
				"west": { "uv": [ 8.25, 10.75, 8.75, 11 ], "texture": "#diamond_axe" },
				"east": { "uv": [ 9.25, 10.75, 8.75, 11 ], "texture": "#diamond_axe" }
			}
		},
		{
			"__comment": "Voxels",
			"from": [ 19, 7, 15 ],
			"to": [ 21, 8, 17 ],
			"faces": {
				"down": { "uv": [ 3.5, 6.5, 4, 7 ], "texture": "#diamond_axe" },
				"up": { "uv": [ 3, 7, 3.5, 6.5 ], "texture": "#diamond_axe" },
				"north": { "uv": [ 9.75, 10.75, 9.25, 11 ], "texture": "#diamond_axe" },
				"south": { "uv": [ 9.75, 10.75, 10.25, 11 ], "texture": "#diamond_axe" },
				"west": { "uv": [ 10.25, 10.75, 10.75, 11 ], "texture": "#diamond_axe" },
				"east": { "uv": [ 11.25, 10.75, 10.75, 11 ], "texture": "#diamond_axe" }
			}
		},
		{
			"__comment": "Voxels",
			"from": [ 19, 9, 0 ],
			"to": [ 21, 10, 2 ],
			"faces": {
				"down": { "uv": [ 0.75, 5, 1.25, 5.5 ], "texture": "#diamond_axe" },
				"up": { "uv": [ 0.75, 6, 1.25, 5.5 ], "texture": "#diamond_axe" },
				"north": { "uv": [ 11.75, 10.75, 11.25, 11 ], "texture": "#diamond_axe" },
				"south": { "uv": [ 11.75, 10.75, 12.25, 11 ], "texture": "#diamond_axe" },
				"west": { "uv": [ 12.25, 10.75, 12.75, 11 ], "texture": "#diamond_axe" },
				"east": { "uv": [ 13.25, 10.75, 12.75, 11 ], "texture": "#diamond_axe" }
			}
		},
		{
			"__comment": "Voxels",
			"from": [ 19, 9, 15 ],
			"to": [ 21, 10, 17 ],
			"faces": {
				"down": { "uv": [ 0.75, 6.5, 1.25, 7 ], "texture": "#diamond_axe" },
				"up": { "uv": [ 0.75, 5, 1.25, 4.5 ], "texture": "#diamond_axe" },
				"north": { "uv": [ 13.75, 10.75, 13.25, 11 ], "texture": "#diamond_axe" },
				"south": { "uv": [ 13.75, 10.75, 14.25, 11 ], "texture": "#diamond_axe" },
				"west": { "uv": [ 14.25, 10.75, 14.75, 11 ], "texture": "#diamond_axe" },
				"east": { "uv": [ 4.25, 4, 3.75, 4.25 ], "texture": "#diamond_axe" }
			}
		}
	],
	"display": {
		"thirdperson_righthand": {
			"rotation":  [ 0, 0, 90 ],
			"translation":  [ 0.5, 4.5, 1.1 ],
			"scale":  [ 0.75, 0.7, 0.7 ]
		},
		"thirdperson_lefthand": {
			"rotation":  [ 0, 0, -90 ],
			"translation":  [ -0.4, 4.5, 1.1 ],
			"scale":  [ 0.75, 0.7, 0.7 ]
		},
		"firstperson_righthand": {
			"rotation":  [ 0, 20, 85 ],
			"translation":  [ 8, 8, -15 ],
			"scale":  [ 1.2, 1.2, 1.2 ]
		},
		"firstperson_lefthand": {
			"rotation":  [ 0, 20, -85 ],
			"translation":  [ 8, 8, -15 ],
			"scale":  [ 1.2, 1.2, 1.2 ]
		},
		"gui": {
			"rotation":  [ 90, 50, 0 ],
			"translation":  [ -0.7, -0.3, 0 ],
			"scale":  [ 0.4, 0.4, 0.4 ]
		},
		"ground": {
			"scale":  [ 0.7, 0.7, 0.7 ]
		},
		"fixed": {
			"rotation":  [ 90, 90, 0 ],
			"translation":  [ -1, 2, -2 ],
			"scale":  [ 2, 2, 2 ]
		}
	}
}