{
	"parent": "item/sabredark",
	"textures": {
		"sabredark": "weapon/swords/sabredark"
	},
	"elements": [ 	 
		{
			"__comment": "Voxels",
			"from": [ -2, 8, 15 ],
			"to": [ 1, 9, 17 ],
			"faces": {
				"down": { "uv": [ 4.25, 4, 5, 4.5 ], "texture": "#sabredark" },
				"up": { "uv": [ 4.25, 8, 5, 7.5 ], "texture": "#sabredark" },
				"north": { "uv": [ 5.75, 1.25, 5, 1.5 ], "texture": "#sabredark" },
				"south": { "uv": [ 10.75, 8.25, 11.5, 8.5 ], "texture": "#sabredark" },
				"west": { "uv": [ 15.5, 14, 16, 14.25 ], "texture": "#sabredark" },
				"east": { "uv": [ 16, 13.75, 15.5, 14 ], "texture": "#sabredark" }
			}
		},
		{
			"__comment": "Voxels",
			"from": [ -1, 8, 17 ],
			"to": [ 16, 9, 18 ],
			"faces": {
				"down": { "uv": [ 11.75, 14.25, 16, 14.5 ], "texture": "#sabredark" },
				"up": { "uv": [ 2.75, 14.25, 7, 14 ], "texture": "#sabredark" },
				"north": { "uv": [ 11.25, 14, 7, 14.25 ], "texture": "#sabredark" },
				"south": { "uv": [ 11.25, 14, 15.5, 14.25 ], "texture": "#sabredark" },
				"west": { "uv": [ 7.5, 12.75, 7.75, 13 ], "texture": "#sabredark" },
				"east": { "uv": [ 7.75, 12.5, 7.5, 12.75 ], "texture": "#sabredark" }
			}
		},
		{
			"__comment": "Voxels",
			"from": [ -1, 8, 19 ],
			"to": [ 16, 9, 20 ],
			"faces": {
				"down": { "uv": [ 2.75, 13.75, 7, 14 ], "texture": "#sabredark" },
				"up": { "uv": [ 7, 14, 11.25, 13.75 ], "texture": "#sabredark" },
				"north": { "uv": [ 15.5, 13.75, 11.25, 14 ], "texture": "#sabredark" },
				"south": { "uv": [ 11.75, 14.5, 16, 14.75 ], "texture": "#sabredark" },
				"west": { "uv": [ 12.25, 12.5, 12.5, 12.75 ], "texture": "#sabredark" },
				"east": { "uv": [ 3, 0, 2.75, 0.25 ], "texture": "#sabredark" }
			}
		},
		{
			"__comment": "Voxels",
			"from": [ -1, 8, 20 ],
			"to": [ 1, 9, 21 ],
			"faces": {
				"down": { "uv": [ 15.5, 12.5, 16, 12.75 ], "texture": "#sabredark" },
				"up": { "uv": [ 3.75, 4.75, 4.25, 4.5 ], "texture": "#sabredark" },
				"north": { "uv": [ 4.25, 3.75, 3.75, 4 ], "texture": "#sabredark" },
				"south": { "uv": [ 3.75, 3.5, 4.25, 3.75 ], "texture": "#sabredark" },
				"west": { "uv": [ 15.75, 11.5, 16, 11.75 ], "texture": "#sabredark" },
				"east": { "uv": [ 16, 11.25, 15.75, 11.5 ], "texture": "#sabredark" }
			}
		},
		{
			"__comment": "Voxels",
			"from": [ 0, 8, 18 ],
			"to": [ 15, 9, 19 ],
			"faces": {
				"down": { "uv": [ 4, 13, 7.75, 13.25 ], "texture": "#sabredark" },
				"up": { "uv": [ 2.75, 13.5, 6.5, 13.25 ], "texture": "#sabredark" },
				"north": { "uv": [ 10.25, 13.25, 6.5, 13.5 ], "texture": "#sabredark" },
				"south": { "uv": [ 10.25, 13.25, 14, 13.5 ], "texture": "#sabredark" },
				"west": { "uv": [ 5.75, 6.5, 6, 6.75 ], "texture": "#sabredark" },
				"east": { "uv": [ 6, 6.25, 5.75, 6.5 ], "texture": "#sabredark" }
			}
		},
		{
			"__comment": "Voxels",
			"from": [ 1, 8, 16 ],
			"to": [ 17, 9, 17 ],
			"faces": {
				"down": { "uv": [ 10.75, 13.5, 14.75, 13.75 ], "texture": "#sabredark" },
				"up": { "uv": [ 6.75, 13.75, 10.75, 13.5 ], "texture": "#sabredark" },
				"north": { "uv": [ 16, 15.25, 12, 15.5 ], "texture": "#sabredark" },
				"south": { "uv": [ 2.75, 13.5, 6.75, 13.75 ], "texture": "#sabredark" },
				"west": { "uv": [ 5.75, 6, 6, 6.25 ], "texture": "#sabredark" },
				"east": { "uv": [ 6, 5.75, 5.75, 6 ], "texture": "#sabredark" }
			}
		},
		{
			"__comment": "Voxels",
			"from": [ 2, 7, 18 ],
			"to": [ 13, 8, 19 ],
			"faces": {
				"down": { "uv": [ 8.5, 11.5, 11.25, 11.75 ], "texture": "#sabredark" },
				"up": { "uv": [ 5.75, 11.75, 8.5, 11.5 ], "texture": "#sabredark" },
				"north": { "uv": [ 5.75, 11.5, 3, 11.75 ], "texture": "#sabredark" },
				"south": { "uv": [ 11.25, 11.75, 14, 12 ], "texture": "#sabredark" },
				"west": { "uv": [ 5.75, 5.5, 6, 5.75 ], "texture": "#sabredark" },
				"east": { "uv": [ 6, 5.25, 5.75, 5.5 ], "texture": "#sabredark" }
			}
		},
		{
			"__comment": "Voxels",
			"from": [ 2, 8, 11 ],
			"to": [ 13, 9, 13 ],
			"faces": {
				"down": { "uv": [ 5, 15.5, 7.75, 16 ], "texture": "#sabredark" },
				"up": { "uv": [ 2.25, 16, 5, 15.5 ], "texture": "#sabredark" },
				"north": { "uv": [ 11.25, 11.75, 8.5, 12 ], "texture": "#sabredark" },
				"south": { "uv": [ 5.75, 11.75, 8.5, 12 ], "texture": "#sabredark" },
				"west": { "uv": [ 3.75, 2.75, 4.25, 3 ], "texture": "#sabredark" },
				"east": { "uv": [ 4.25, 2.5, 3.75, 2.75 ], "texture": "#sabredark" }
			}
		},
		{
			"__comment": "Voxels",
			"from": [ 2, 8, 20 ],
			"to": [ 13, 9, 21 ],
			"faces": {
				"down": { "uv": [ 3, 11.75, 5.75, 12 ], "texture": "#sabredark" },
				"up": { "uv": [ 11.25, 11.75, 14, 11.5 ], "texture": "#sabredark" },
				"north": { "uv": [ 5.75, 11.25, 3, 11.5 ], "texture": "#sabredark" },
				"south": { "uv": [ 11.75, 12, 14.5, 12.25 ], "texture": "#sabredark" },
				"west": { "uv": [ 5.75, 5, 6, 5.25 ], "texture": "#sabredark" },
				"east": { "uv": [ 6, 4.75, 5.75, 5 ], "texture": "#sabredark" }
			}
		},
		{
			"__comment": "Voxels",
			"from": [ 2, 9, 18 ],
			"to": [ 13, 10, 19 ],
			"faces": {
				"down": { "uv": [ 5.75, 11.25, 8.5, 11.5 ], "texture": "#sabredark" },
				"up": { "uv": [ 8.5, 11.5, 11.25, 11.25 ], "texture": "#sabredark" },
				"north": { "uv": [ 9, 12, 6.25, 12.25 ], "texture": "#sabredark" },
				"south": { "uv": [ 9, 12, 11.75, 12.25 ], "texture": "#sabredark" },
				"west": { "uv": [ 5.75, 4.5, 6, 4.75 ], "texture": "#sabredark" },
				"east": { "uv": [ 6, 4.25, 5.75, 4.5 ], "texture": "#sabredark" }
			}
		},
		{
			"__comment": "Voxels",
			"from": [ 3, 4, 20 ],
			"to": [ 5, 5, 21 ],
			"faces": {
				"down": { "uv": [ 3.75, 1.25, 4.25, 1.5 ], "texture": "#sabredark" },
				"up": { "uv": [ 3.75, 1.25, 4.25, 1 ], "texture": "#sabredark" },
				"north": { "uv": [ 4.25, 0.75, 3.75, 1 ], "texture": "#sabredark" },
				"south": { "uv": [ 3.75, 0.5, 4.25, 0.75 ], "texture": "#sabredark" },
				"west": { "uv": [ 5.75, 4, 6, 4.25 ], "texture": "#sabredark" },
				"east": { "uv": [ 6, 3.75, 5.75, 4 ], "texture": "#sabredark" }
			}
		},
		{
			"__comment": "Voxels",
			"from": [ 3, 7, 16 ],
			"to": [ 12, 8, 18 ],
			"faces": {
				"down": { "uv": [ 7.25, 14.75, 9.5, 15.25 ], "texture": "#sabredark" },
				"up": { "uv": [ 7.25, 14.75, 9.5, 14.25 ], "texture": "#sabredark" },
				"north": { "uv": [ 11, 10.75, 8.75, 11 ], "texture": "#sabredark" },
				"south": { "uv": [ 11, 10.75, 13.25, 11 ], "texture": "#sabredark" },
				"west": { "uv": [ 15.5, 11, 16, 11.25 ], "texture": "#sabredark" },
				"east": { "uv": [ 16, 10.75, 15.5, 11 ], "texture": "#sabredark" }
			}
		},
		{
			"__comment": "Voxels",
			"from": [ 3, 7, 19 ],
			"to": [ 12, 8, 21 ],
			"faces": {
				"down": { "uv": [ 9.5, 14.25, 11.75, 14.75 ], "texture": "#sabredark" },
				"up": { "uv": [ 2.75, 15.25, 5, 14.75 ], "texture": "#sabredark" },
				"north": { "uv": [ 15.5, 10.75, 13.25, 11 ], "texture": "#sabredark" },
				"south": { "uv": [ 6.5, 10.75, 8.75, 11 ], "texture": "#sabredark" },
				"west": { "uv": [ 15.5, 10.5, 16, 10.75 ], "texture": "#sabredark" },
				"east": { "uv": [ 16, 10.25, 15.5, 10.5 ], "texture": "#sabredark" }
			}
		},
		{
			"__comment": "Voxels",
			"from": [ 3, 8, 9 ],
			"to": [ 12, 9, 11 ],
			"faces": {
				"down": { "uv": [ 12.5, 15.5, 14.75, 16 ], "texture": "#sabredark" },
				"up": { "uv": [ 5, 14.75, 7.25, 14.25 ], "texture": "#sabredark" },
				"north": { "uv": [ 6.5, 10.5, 4.25, 10.75 ], "texture": "#sabredark" },
				"south": { "uv": [ 6.5, 10.5, 8.75, 10.75 ], "texture": "#sabredark" },
				"west": { "uv": [ 15.5, 8, 16, 8.25 ], "texture": "#sabredark" },
				"east": { "uv": [ 7.75, 1.25, 7.25, 1.5 ], "texture": "#sabredark" }
			}
		},
		{
			"__comment": "Voxels",
			"from": [ 3, 8, 13 ],
			"to": [ 12, 9, 14 ],
			"faces": {
				"down": { "uv": [ 8.75, 10.5, 11, 10.75 ], "texture": "#sabredark" },
				"up": { "uv": [ 11, 10.75, 13.25, 10.5 ], "texture": "#sabredark" },
				"north": { "uv": [ 15.5, 10.5, 13.25, 10.75 ], "texture": "#sabredark" },
				"south": { "uv": [ 4.25, 10.25, 6.5, 10.5 ], "texture": "#sabredark" },
				"west": { "uv": [ 5.75, 3.5, 6, 3.75 ], "texture": "#sabredark" },
				"east": { "uv": [ 6, 3.25, 5.75, 3.5 ], "texture": "#sabredark" }
			}
		},
		{
			"__comment": "Voxels",
			"from": [ 3, 8, 15 ],
			"to": [ 12, 9, 16 ],
			"faces": {
				"down": { "uv": [ 6.5, 10.25, 8.75, 10.5 ], "texture": "#sabredark" },
				"up": { "uv": [ 8.75, 10.5, 11, 10.25 ], "texture": "#sabredark" },
				"north": { "uv": [ 13.25, 10.25, 11, 10.5 ], "texture": "#sabredark" },
				"south": { "uv": [ 13.25, 10.25, 15.5, 10.5 ], "texture": "#sabredark" },
				"west": { "uv": [ 5.75, 3, 6, 3.25 ], "texture": "#sabredark" },
				"east": { "uv": [ 6, 2.75, 5.75, 3 ], "texture": "#sabredark" }
			}
		},
		{
			"__comment": "Voxels",
			"from": [ 3, 8, 21 ],
			"to": [ 12, 9, 22 ],
			"faces": {
				"down": { "uv": [ 11.25, 11.25, 13.5, 11.5 ], "texture": "#sabredark" },
				"up": { "uv": [ 13.5, 11.5, 15.75, 11.25 ], "texture": "#sabredark" },
				"north": { "uv": [ 6.5, 11, 4.25, 11.25 ], "texture": "#sabredark" },
				"south": { "uv": [ 6.5, 11, 8.75, 11.25 ], "texture": "#sabredark" },
				"west": { "uv": [ 5.75, 2.5, 6, 2.75 ], "texture": "#sabredark" },
				"east": { "uv": [ 6, 2.25, 5.75, 2.5 ], "texture": "#sabredark" }
			}
		},
		{
			"__comment": "Voxels",
			"from": [ 3, 9, 16 ],
			"to": [ 12, 10, 18 ],
			"faces": {
				"down": { "uv": [ 2.75, 14.25, 5, 14.75 ], "texture": "#sabredark" },
				"up": { "uv": [ 5, 15.25, 7.25, 14.75 ], "texture": "#sabredark" },
				"north": { "uv": [ 11, 11, 8.75, 11.25 ], "texture": "#sabredark" },
				"south": { "uv": [ 11, 11, 13.25, 11.25 ], "texture": "#sabredark" },
				"west": { "uv": [ 8.5, 7.75, 9, 8 ], "texture": "#sabredark" },
				"east": { "uv": [ 9.5, 7.75, 9, 8 ], "texture": "#sabredark" }
			}
		},
		{
			"__comment": "Voxels",
			"from": [ 3, 9, 19 ],
			"to": [ 12, 10, 21 ],
			"faces": {
				"down": { "uv": [ 11.75, 14.75, 14, 15.25 ], "texture": "#sabredark" },
				"up": { "uv": [ 9.5, 15.25, 11.75, 14.75 ], "texture": "#sabredark" },
				"north": { "uv": [ 15.5, 11, 13.25, 11.25 ], "texture": "#sabredark" },
				"south": { "uv": [ 4.25, 10.75, 6.5, 11 ], "texture": "#sabredark" },
				"west": { "uv": [ 14, 7.5, 14.5, 7.75 ], "texture": "#sabredark" },
				"east": { "uv": [ 10, 7.75, 9.5, 8 ], "texture": "#sabredark" }
			}
		},
		{
			"__comment": "Voxels",
			"from": [ 4, 4, 21 ],
			"to": [ 11, 5, 22 ],
			"faces": {
				"down": { "uv": [ 13, 9.5, 14.75, 9.75 ], "texture": "#sabredark" },
				"up": { "uv": [ 11.25, 9.5, 13, 9.25 ], "texture": "#sabredark" },
				"north": { "uv": [ 13, 9.5, 11.25, 9.75 ], "texture": "#sabredark" },
				"south": { "uv": [ 9.5, 8.75, 11.25, 9 ], "texture": "#sabredark" },
				"west": { "uv": [ 5.75, 2, 6, 2.25 ], "texture": "#sabredark" },
				"east": { "uv": [ 6, 1.75, 5.75, 2 ], "texture": "#sabredark" }
			}
		},
		{
			"__comment": "Voxels",
			"from": [ 4, 6, 16 ],
			"to": [ 11, 7, 22 ],
			"faces": {
				"down": { "uv": [ 0, 6.5, 1.75, 8 ], "texture": "#sabredark" },
				"up": { "uv": [ 0, 9.5, 1.75, 8 ], "texture": "#sabredark" },
				"north": { "uv": [ 7.75, 8.5, 6, 8.75 ], "texture": "#sabredark" },
				"south": { "uv": [ 7.75, 8.5, 9.5, 8.75 ], "texture": "#sabredark" },
				"west": { "uv": [ 14.5, 12, 16, 12.25 ], "texture": "#sabredark" },
				"east": { "uv": [ 14.5, 8.5, 13, 8.75 ], "texture": "#sabredark" }
			}
		},
		{
			"__comment": "Voxels",
			"from": [ 4, 7, 10 ],
			"to": [ 7, 8, 13 ],
			"faces": {
				"down": { "uv": [ 3, 4.5, 3.75, 5.25 ], "texture": "#sabredark" },
				"up": { "uv": [ 3, 4.5, 3.75, 3.75 ], "texture": "#sabredark" },
				"north": { "uv": [ 5.75, 0.25, 5, 0.5 ], "texture": "#sabredark" },
				"south": { "uv": [ 5, 0, 5.75, 0.25 ], "texture": "#sabredark" },
				"west": { "uv": [ 8.5, 8.25, 9.25, 8.5 ], "texture": "#sabredark" },
				"east": { "uv": [ 10, 8.25, 9.25, 8.5 ], "texture": "#sabredark" }
			}
		},
		{
			"__comment": "Voxels",
			"from": [ 4, 7, 15 ],
			"to": [ 11, 8, 16 ],
			"faces": {
				"down": { "uv": [ 9.5, 10, 11.25, 10.25 ], "texture": "#sabredark" },
				"up": { "uv": [ 12.5, 12.75, 14.25, 12.5 ], "texture": "#sabredark" },
				"north": { "uv": [ 14.75, 10, 13, 10.25 ], "texture": "#sabredark" },
				"south": { "uv": [ 6, 9.75, 7.75, 10 ], "texture": "#sabredark" },
				"west": { "uv": [ 5.75, 1.5, 6, 1.75 ], "texture": "#sabredark" },
				"east": { "uv": [ 6, 1.25, 5.75, 1.5 ], "texture": "#sabredark" }
			}
		},
		{
			"__comment": "Voxels",
			"from": [ 4, 7, 21 ],
			"to": [ 11, 8, 22 ],
			"faces": {
				"down": { "uv": [ 11.25, 9.75, 13, 10 ], "texture": "#sabredark" },
				"up": { "uv": [ 13, 10, 14.75, 9.75 ], "texture": "#sabredark" },
				"north": { "uv": [ 13, 10, 11.25, 10.25 ], "texture": "#sabredark" },
				"south": { "uv": [ 6, 9.5, 7.75, 9.75 ], "texture": "#sabredark" },
				"west": { "uv": [ 5.75, 1, 6, 1.25 ], "texture": "#sabredark" },
				"east": { "uv": [ 6, 0.75, 5.75, 1 ], "texture": "#sabredark" }
			}
		},
		{
			"__comment": "Voxels",
			"from": [ 4, 8, -4 ],
			"to": [ 11, 9, 9 ],
			"faces": {
				"down": { "uv": [ 0, 12.75, 1.75, 16 ], "texture": "#sabredark" },
				"up": { "uv": [ 0, 12.75, 1.75, 9.5 ], "texture": "#sabredark" },
				"north": { "uv": [ 9.5, 9.5, 7.75, 9.75 ], "texture": "#sabredark" },
				"south": { "uv": [ 9.5, 9.5, 11.25, 9.75 ], "texture": "#sabredark" },
				"west": { "uv": [ 9.5, 12.25, 12.75, 12.5 ], "texture": "#sabredark" },
				"east": { "uv": [ 16, 12.25, 12.75, 12.5 ], "texture": "#sabredark" }
			}
		},
		{
			"__comment": "Voxels",
			"from": [ 4, 8, 14 ],
			"to": [ 11, 9, 15 ],
			"faces": {
				"down": { "uv": [ 14, 11.5, 15.75, 11.75 ], "texture": "#sabredark" },
				"up": { "uv": [ 6, 9.5, 7.75, 9.25 ], "texture": "#sabredark" },
				"north": { "uv": [ 9.5, 9.25, 7.75, 9.5 ], "texture": "#sabredark" },
				"south": { "uv": [ 9.5, 9.25, 11.25, 9.5 ], "texture": "#sabredark" },
				"west": { "uv": [ 5.75, 0.5, 6, 0.75 ], "texture": "#sabredark" },
				"east": { "uv": [ 6, 0.25, 5.75, 0.5 ], "texture": "#sabredark" }
			}
		},
		{
			"__comment": "Voxels",
			"from": [ 4, 8, 22 ],
			"to": [ 11, 9, 23 ],
			"faces": {
				"down": { "uv": [ 6, 9, 7.75, 9.25 ], "texture": "#sabredark" },
				"up": { "uv": [ 7.75, 9.25, 9.5, 9 ], "texture": "#sabredark" },
				"north": { "uv": [ 11.25, 9, 9.5, 9.25 ], "texture": "#sabredark" },
				"south": { "uv": [ 11.25, 9, 13, 9.25 ], "texture": "#sabredark" },
				"west": { "uv": [ 5.75, 0, 6, 0.25 ], "texture": "#sabredark" },
				"east": { "uv": [ 16, 8.5, 15.75, 8.75 ], "texture": "#sabredark" }
			}
		},
		{
			"__comment": "Voxels",
			"from": [ 4, 8, 29 ],
			"to": [ 11, 9, 30 ],
			"faces": {
				"down": { "uv": [ 13, 9.25, 14.75, 9.5 ], "texture": "#sabredark" },
				"up": { "uv": [ 13, 9.25, 14.75, 9 ], "texture": "#sabredark" },
				"north": { "uv": [ 7.75, 8.75, 6, 9 ], "texture": "#sabredark" },
				"south": { "uv": [ 7.75, 8.75, 9.5, 9 ], "texture": "#sabredark" },
				"west": { "uv": [ 7.75, 1.25, 8, 1.5 ], "texture": "#sabredark" },
				"east": { "uv": [ 8, 1, 7.75, 1.25 ], "texture": "#sabredark" }
			}
		},
		{
			"__comment": "Voxels",
			"from": [ 4, 9, 10 ],
			"to": [ 7, 10, 13 ],
			"faces": {
				"down": { "uv": [ 3, 0, 3.75, 0.75 ], "texture": "#sabredark" },
				"up": { "uv": [ 4.25, 10.25, 5, 9.5 ], "texture": "#sabredark" },
				"north": { "uv": [ 8.75, 8, 8, 8.25 ], "texture": "#sabredark" },
				"south": { "uv": [ 8.75, 8, 9.5, 8.25 ], "texture": "#sabredark" },
				"west": { "uv": [ 9.5, 8, 10.25, 8.25 ], "texture": "#sabredark" },
				"east": { "uv": [ 11, 8, 10.25, 8.25 ], "texture": "#sabredark" }
			}
		},
		{
			"__comment": "Voxels",
			"from": [ 4, 9, 15 ],
			"to": [ 11, 10, 16 ],
			"faces": {
				"down": { "uv": [ 9.5, 8.5, 11.25, 8.75 ], "texture": "#sabredark" },
				"up": { "uv": [ 11.25, 8.75, 13, 8.5 ], "texture": "#sabredark" },
				"north": { "uv": [ 7.75, 10, 6, 10.25 ], "texture": "#sabredark" },
				"south": { "uv": [ 7.75, 10, 9.5, 10.25 ], "texture": "#sabredark" },
				"west": { "uv": [ 7.75, 0.75, 8, 1 ], "texture": "#sabredark" },
				"east": { "uv": [ 8, 0.5, 7.75, 0.75 ], "texture": "#sabredark" }
			}
		},
		{
			"__comment": "Voxels",
			"from": [ 4, 9, 21 ],
			"to": [ 11, 11, 22 ],
			"faces": {
				"down": { "uv": [ 7.75, 9.75, 9.5, 10 ], "texture": "#sabredark" },
				"up": { "uv": [ 9.5, 10, 11.25, 9.75 ], "texture": "#sabredark" },
				"north": { "uv": [ 14.25, 12.75, 12.5, 13.25 ], "texture": "#sabredark" },
				"south": { "uv": [ 14, 14.75, 15.75, 15.25 ], "texture": "#sabredark" },
				"west": { "uv": [ 2.75, 1.75, 3, 2.25 ], "texture": "#sabredark" },
				"east": { "uv": [ 3, 1.25, 2.75, 1.75 ], "texture": "#sabredark" }
			}
		},
		{
			"__comment": "Voxels",
			"from": [ 4, 10, 16 ],
			"to": [ 11, 11, 21 ],
			"faces": {
				"down": { "uv": [ 0, 1.25, 1.75, 2.5 ], "texture": "#sabredark" },
				"up": { "uv": [ 0, 1.25, 1.75, 0 ], "texture": "#sabredark" },
				"north": { "uv": [ 14.75, 8.75, 13, 9 ], "texture": "#sabredark" },
				"south": { "uv": [ 11.25, 8.75, 13, 9 ], "texture": "#sabredark" },
				"west": { "uv": [ 6, 4.5, 7.25, 4.75 ], "texture": "#sabredark" },
				"east": { "uv": [ 7.25, 4.25, 6, 4.5 ], "texture": "#sabredark" }
			}
		},
		{
			"__comment": "Voxels",
			"from": [ 4, 12, 20 ],
			"to": [ 6, 13, 21 ],
			"faces": {
				"down": { "uv": [ 8.5, 7.5, 9, 7.75 ], "texture": "#sabredark" },
				"up": { "uv": [ 9, 7.75, 9.5, 7.5 ], "texture": "#sabredark" },
				"north": { "uv": [ 10, 7.5, 9.5, 7.75 ], "texture": "#sabredark" },
				"south": { "uv": [ 10, 7.5, 10.5, 7.75 ], "texture": "#sabredark" },
				"west": { "uv": [ 7.75, 0.25, 8, 0.5 ], "texture": "#sabredark" },
				"east": { "uv": [ 8, 0, 7.75, 0.25 ], "texture": "#sabredark" }
			}
		},
		{
			"__comment": "Voxels",
			"from": [ 5, 5, 16 ],
			"to": [ 10, 6, 18 ],
			"faces": {
				"down": { "uv": [ 3, 8.75, 4.25, 9.25 ], "texture": "#sabredark" },
				"up": { "uv": [ 3, 11.25, 4.25, 10.75 ], "texture": "#sabredark" },
				"north": { "uv": [ 7.25, 3.5, 6, 3.75 ], "texture": "#sabredark" },
				"south": { "uv": [ 6, 3.25, 7.25, 3.5 ], "texture": "#sabredark" },
				"west": { "uv": [ 11.5, 7.5, 12, 7.75 ], "texture": "#sabredark" },
				"east": { "uv": [ 12.5, 7.5, 12, 7.75 ], "texture": "#sabredark" }
			}
		},
		{
			"__comment": "Voxels",
			"from": [ 5, 5, 18 ],
			"to": [ 7, 6, 22 ],
			"faces": {
				"down": { "uv": [ 1.25, 2.5, 1.75, 3.5 ], "texture": "#sabredark" },
				"up": { "uv": [ 1.25, 5.5, 1.75, 4.5 ], "texture": "#sabredark" },
				"north": { "uv": [ 13, 7.75, 12.5, 8 ], "texture": "#sabredark" },
				"south": { "uv": [ 12, 7.75, 12.5, 8 ], "texture": "#sabredark" },
				"west": { "uv": [ 5, 8.25, 6, 8.5 ], "texture": "#sabredark" },
				"east": { "uv": [ 6, 8.5, 5, 8.75 ], "texture": "#sabredark" }
			}
		},
		{
			"__comment": "Voxels",
			"from": [ 5, 6, 15 ],
			"to": [ 10, 7, 16 ],
			"faces": {
				"down": { "uv": [ 6, 2.5, 7.25, 2.75 ], "texture": "#sabredark" },
				"up": { "uv": [ 6, 2.5, 7.25, 2.25 ], "texture": "#sabredark" },
				"north": { "uv": [ 7.25, 2, 6, 2.25 ], "texture": "#sabredark" },
				"south": { "uv": [ 6, 1.75, 7.25, 2 ], "texture": "#sabredark" },
				"west": { "uv": [ 8.75, 5.5, 9, 5.75 ], "texture": "#sabredark" },
				"east": { "uv": [ 9, 5.75, 8.75, 6 ], "texture": "#sabredark" }
			}
		},
		{
			"__comment": "Voxels",
			"from": [ 5, 6, 22 ],
			"to": [ 10, 8, 23 ],
			"faces": {
				"down": { "uv": [ 6, 1.5, 7.25, 1.75 ], "texture": "#sabredark" },
				"up": { "uv": [ 6, 1.5, 7.25, 1.25 ], "texture": "#sabredark" },
				"north": { "uv": [ 4.25, 9.25, 3, 9.75 ], "texture": "#sabredark" },
				"south": { "uv": [ 3, 5.25, 4.25, 5.75 ], "texture": "#sabredark" },
				"west": { "uv": [ 8, 4.75, 8.25, 5.25 ], "texture": "#sabredark" },
				"east": { "uv": [ 3, 2.25, 2.75, 2.75 ], "texture": "#sabredark" }
			}
		},
		{
			"__comment": "Voxels",
			"from": [ 5, 7, -3 ],
			"to": [ 7, 8, 10 ],
			"faces": {
				"down": { "uv": [ 1.75, 3, 2.25, 6.25 ], "texture": "#sabredark" },
				"up": { "uv": [ 1.75, 9.5, 2.25, 6.25 ], "texture": "#sabredark" },
				"north": { "uv": [ 8.5, 7.75, 8, 8 ], "texture": "#sabredark" },
				"south": { "uv": [ 7.25, 0, 7.75, 0.25 ], "texture": "#sabredark" },
				"west": { "uv": [ 6.25, 12.25, 9.5, 12.5 ], "texture": "#sabredark" },
				"east": { "uv": [ 6.25, 12, 3, 12.25 ], "texture": "#sabredark" }
			}
		},
		{
			"__comment": "Voxels",
			"from": [ 5, 7, 13 ],
			"to": [ 10, 8, 15 ],
			"faces": {
				"down": { "uv": [ 3, 9.75, 4.25, 10.25 ], "texture": "#sabredark" },
				"up": { "uv": [ 3, 6.75, 4.25, 6.25 ], "texture": "#sabredark" },
				"north": { "uv": [ 7.25, 1, 6, 1.25 ], "texture": "#sabredark" },
				"south": { "uv": [ 6, 0.75, 7.25, 1 ], "texture": "#sabredark" },
				"west": { "uv": [ 7.25, 0.25, 7.75, 0.5 ], "texture": "#sabredark" },
				"east": { "uv": [ 7.75, 0.5, 7.25, 0.75 ], "texture": "#sabredark" }
			}
		},
		{
			"__comment": "Voxels",
			"from": [ 5, 7, 28 ],
			"to": [ 10, 10, 29 ],
			"faces": {
				"down": { "uv": [ 6, 0.5, 7.25, 0.75 ], "texture": "#sabredark" },
				"up": { "uv": [ 6, 0.5, 7.25, 0.25 ], "texture": "#sabredark" },
				"north": { "uv": [ 4, 12.5, 2.75, 13.25 ], "texture": "#sabredark" },
				"south": { "uv": [ 7.75, 12.5, 9, 13.25 ], "texture": "#sabredark" },
				"west": { "uv": [ 2.75, 7.5, 3, 8.25 ], "texture": "#sabredark" },
				"east": { "uv": [ 3, 6.75, 2.75, 7.5 ], "texture": "#sabredark" }
			}
		},
		{
			"__comment": "Voxels",
			"from": [ 5, 8, -12 ],
			"to": [ 10, 9, -4 ],
			"faces": {
				"down": { "uv": [ 0, 4.5, 1.25, 6.5 ], "texture": "#sabredark" },
				"up": { "uv": [ 0, 4.5, 1.25, 2.5 ], "texture": "#sabredark" },
				"north": { "uv": [ 7.25, 0, 6, 0.25 ], "texture": "#sabredark" },
				"south": { "uv": [ 7.25, 8.25, 8.5, 8.5 ], "texture": "#sabredark" },
				"west": { "uv": [ 14, 13.25, 16, 13.5 ], "texture": "#sabredark" },
				"east": { "uv": [ 16, 11.75, 14, 12 ], "texture": "#sabredark" }
			}
		},
		{
			"__comment": "Voxels",
			"from": [ 5, 8, 23 ],
			"to": [ 10, 9, 25 ],
			"faces": {
				"down": { "uv": [ 3, 7.25, 4.25, 7.75 ], "texture": "#sabredark" },
				"up": { "uv": [ 3, 7.25, 4.25, 6.75 ], "texture": "#sabredark" },
				"north": { "uv": [ 16, 13.5, 14.75, 13.75 ], "texture": "#sabredark" },
				"south": { "uv": [ 14.25, 12.5, 15.5, 12.75 ], "texture": "#sabredark" },
				"west": { "uv": [ 7.25, 0.75, 7.75, 1 ], "texture": "#sabredark" },
				"east": { "uv": [ 7.75, 1, 7.25, 1.25 ], "texture": "#sabredark" }
			}
		},
		{
			"__comment": "Voxels",
			"from": [ 5, 8, 27 ],
			"to": [ 10, 9, 28 ],
			"faces": {
				"down": { "uv": [ 14.75, 10, 16, 10.25 ], "texture": "#sabredark" },
				"up": { "uv": [ 14.75, 10, 16, 9.75 ], "texture": "#sabredark" },
				"north": { "uv": [ 16, 9.5, 14.75, 9.75 ], "texture": "#sabredark" },
				"south": { "uv": [ 14.75, 9.25, 16, 9.5 ], "texture": "#sabredark" },
				"west": { "uv": [ 8.5, 1.25, 8.75, 1.5 ], "texture": "#sabredark" },
				"east": { "uv": [ 8.75, 1.5, 8.5, 1.75 ], "texture": "#sabredark" }
			}
		},
		{
			"__comment": "Voxels",
			"from": [ 5, 8, 30 ],
			"to": [ 10, 9, 31 ],
			"faces": {
				"down": { "uv": [ 14.75, 9, 16, 9.25 ], "texture": "#sabredark" },
				"up": { "uv": [ 14.75, 9, 16, 8.75 ], "texture": "#sabredark" },
				"north": { "uv": [ 15.75, 8.5, 14.5, 8.75 ], "texture": "#sabredark" },
				"south": { "uv": [ 6, 8.25, 7.25, 8.5 ], "texture": "#sabredark" },
				"west": { "uv": [ 8.75, 1.75, 9, 2 ], "texture": "#sabredark" },
				"east": { "uv": [ 9, 2, 8.75, 2.25 ], "texture": "#sabredark" }
			}
		},
		{
			"__comment": "Voxels",
			"from": [ 5, 9, -3 ],
			"to": [ 7, 10, 10 ],
			"faces": {
				"down": { "uv": [ 1.75, 12.75, 2.25, 16 ], "texture": "#sabredark" },
				"up": { "uv": [ 1.75, 12.75, 2.25, 9.5 ], "texture": "#sabredark" },
				"north": { "uv": [ 8.5, 4.25, 8, 4.5 ], "texture": "#sabredark" },
				"south": { "uv": [ 8, 4.5, 8.5, 4.75 ], "texture": "#sabredark" },
				"west": { "uv": [ 9, 12.5, 12.25, 12.75 ], "texture": "#sabredark" },
				"east": { "uv": [ 6.25, 12.25, 3, 12.5 ], "texture": "#sabredark" }
			}
		},
		{
			"__comment": "Voxels",
			"from": [ 5, 9, 13 ],
			"to": [ 10, 10, 15 ],
			"faces": {
				"down": { "uv": [ 14.75, 15.5, 16, 16 ], "texture": "#sabredark" },
				"up": { "uv": [ 14.25, 13.25, 15.5, 12.75 ], "texture": "#sabredark" },
				"north": { "uv": [ 7.25, 8, 6, 8.25 ], "texture": "#sabredark" },
				"south": { "uv": [ 6, 7.75, 7.25, 8 ], "texture": "#sabredark" },
				"west": { "uv": [ 8, 5.75, 8.5, 6 ], "texture": "#sabredark" },
				"east": { "uv": [ 8.5, 6, 8, 6.25 ], "texture": "#sabredark" }
			}
		},
		{
			"__comment": "Voxels",
			"from": [ 5, 9, 22 ],
			"to": [ 10, 11, 23 ],
			"faces": {
				"down": { "uv": [ 6, 7.5, 7.25, 7.75 ], "texture": "#sabredark" },
				"up": { "uv": [ 6, 7.5, 7.25, 7.25 ], "texture": "#sabredark" },
				"north": { "uv": [ 4.25, 8.25, 3, 8.75 ], "texture": "#sabredark" },
				"south": { "uv": [ 3, 7.75, 4.25, 8.25 ], "texture": "#sabredark" },
				"west": { "uv": [ 2.75, 0.25, 3, 0.75 ], "texture": "#sabredark" },
				"east": { "uv": [ 3, 0.75, 2.75, 1.25 ], "texture": "#sabredark" }
			}
		},
		{
			"__comment": "Voxels",
			"from": [ 5, 10, 15 ],
			"to": [ 10, 11, 16 ],
			"faces": {
				"down": { "uv": [ 6, 7, 7.25, 7.25 ], "texture": "#sabredark" },
				"up": { "uv": [ 6, 7, 7.25, 6.75 ], "texture": "#sabredark" },
				"north": { "uv": [ 7.25, 6.5, 6, 6.75 ], "texture": "#sabredark" },
				"south": { "uv": [ 6, 6.25, 7.25, 6.5 ], "texture": "#sabredark" },
				"west": { "uv": [ 11.75, 7, 12, 7.25 ], "texture": "#sabredark" },
				"east": { "uv": [ 12.25, 7, 12, 7.25 ], "texture": "#sabredark" }
			}
		},
		{
			"__comment": "Voxels",
			"from": [ 5, 11, 16 ],
			"to": [ 10, 12, 18 ],
			"faces": {
				"down": { "uv": [ 3, 10.25, 4.25, 10.75 ], "texture": "#sabredark" },
				"up": { "uv": [ 3, 6.25, 4.25, 5.75 ], "texture": "#sabredark" },
				"north": { "uv": [ 7.25, 6, 6, 6.25 ], "texture": "#sabredark" },
				"south": { "uv": [ 6, 5.75, 7.25, 6 ], "texture": "#sabredark" },
				"west": { "uv": [ 8, 6.75, 8.5, 7 ], "texture": "#sabredark" },
				"east": { "uv": [ 8.5, 7, 8, 7.25 ], "texture": "#sabredark" }
			}
		},
		{
			"__comment": "Voxels",
			"from": [ 5, 11, 18 ],
			"to": [ 7, 12, 22 ],
			"faces": {
				"down": { "uv": [ 1.25, 3.5, 1.75, 4.5 ], "texture": "#sabredark" },
				"up": { "uv": [ 1.25, 6.5, 1.75, 5.5 ], "texture": "#sabredark" },
				"north": { "uv": [ 15.5, 7.5, 15, 7.75 ], "texture": "#sabredark" },
				"south": { "uv": [ 14.5, 7.5, 15, 7.75 ], "texture": "#sabredark" },
				"west": { "uv": [ 5, 6.75, 6, 7 ], "texture": "#sabredark" },
				"east": { "uv": [ 6, 9, 5, 9.25 ], "texture": "#sabredark" }
			}
		},
		{
			"__comment": "Voxels",
			"from": [ 5, 12, 21 ],
			"to": [ 10, 13, 22 ],
			"faces": {
				"down": { "uv": [ 6, 5.5, 7.25, 5.75 ], "texture": "#sabredark" },
				"up": { "uv": [ 6, 5.5, 7.25, 5.25 ], "texture": "#sabredark" },
				"north": { "uv": [ 7.25, 5, 6, 5.25 ], "texture": "#sabredark" },
				"south": { "uv": [ 6, 4.75, 7.25, 5 ], "texture": "#sabredark" },
				"west": { "uv": [ 11.5, 6.75, 11.75, 7 ], "texture": "#sabredark" },
				"east": { "uv": [ 11.5, 6.75, 11.25, 7 ], "texture": "#sabredark" }
			}
		},
		{
			"__comment": "Voxels",
			"from": [ 6, 5, 22 ],
			"to": [ 9, 6, 23 ],
			"faces": {
				"down": { "uv": [ 7.25, 7.75, 8, 8 ], "texture": "#sabredark" },
				"up": { "uv": [ 7.25, 6.75, 8, 6.5 ], "texture": "#sabredark" },
				"north": { "uv": [ 5.75, 0.5, 5, 0.75 ], "texture": "#sabredark" },
				"south": { "uv": [ 10, 8.25, 10.75, 8.5 ], "texture": "#sabredark" },
				"west": { "uv": [ 8.5, 0, 8.75, 0.25 ], "texture": "#sabredark" },
				"east": { "uv": [ 8.75, 0.75, 8.5, 1 ], "texture": "#sabredark" }
			}
		},
		{
			"__comment": "Voxels",
			"from": [ 6, 6, 14 ],
			"to": [ 9, 7, 15 ],
			"faces": {
				"down": { "uv": [ 7.25, 6.25, 8, 6.5 ], "texture": "#sabredark" },
				"up": { "uv": [ 7.25, 6.25, 8, 6 ], "texture": "#sabredark" },
				"north": { "uv": [ 8, 5.75, 7.25, 6 ], "texture": "#sabredark" },
				"south": { "uv": [ 7.25, 5.5, 8, 5.75 ], "texture": "#sabredark" },
				"west": { "uv": [ 12, 7.25, 12.25, 7.5 ], "texture": "#sabredark" },
				"east": { "uv": [ 12.5, 7.25, 12.25, 7.5 ], "texture": "#sabredark" }
			}
		},
		{
			"__comment": "Voxels",
			"from": [ 6, 6, 28 ],
			"to": [ 9, 7, 29 ],
			"faces": {
				"down": { "uv": [ 7.25, 4.75, 8, 5 ], "texture": "#sabredark" },
				"up": { "uv": [ 7.25, 4.75, 8, 4.5 ], "texture": "#sabredark" },
				"north": { "uv": [ 8, 4.25, 7.25, 4.5 ], "texture": "#sabredark" },
				"south": { "uv": [ 7.25, 4, 8, 4.25 ], "texture": "#sabredark" },
				"west": { "uv": [ 12.5, 7.25, 12.75, 7.5 ], "texture": "#sabredark" },
				"east": { "uv": [ 12, 6.75, 11.75, 7 ], "texture": "#sabredark" }
			}
		},
		{
			"__comment": "Voxels",
			"from": [ 6, 7, -11 ],
			"to": [ 9, 8, -8 ],
			"faces": {
				"down": { "uv": [ 3, 0.75, 3.75, 1.5 ], "texture": "#sabredark" },
				"up": { "uv": [ 3, 2.25, 3.75, 1.5 ], "texture": "#sabredark" },
				"north": { "uv": [ 8, 2.75, 7.25, 3 ], "texture": "#sabredark" },
				"south": { "uv": [ 7.25, 2.5, 8, 2.75 ], "texture": "#sabredark" },
				"west": { "uv": [ 7.25, 2.25, 8, 2.5 ], "texture": "#sabredark" },
				"east": { "uv": [ 8, 2, 7.25, 2.25 ], "texture": "#sabredark" }
			}
		},
		{
			"__comment": "Voxels",
			"from": [ 6, 7, -8 ],
			"to": [ 7, 8, -3 ],
			"faces": {
				"down": { "uv": [ 1.75, 1.75, 2, 3 ], "texture": "#sabredark" },
				"up": { "uv": [ 2, 3, 2.25, 1.75 ], "texture": "#sabredark" },
				"north": { "uv": [ 11.25, 6.75, 11, 7 ], "texture": "#sabredark" },
				"south": { "uv": [ 8.75, 5, 9, 5.25 ], "texture": "#sabredark" },
				"west": { "uv": [ 6, 4, 7.25, 4.25 ], "texture": "#sabredark" },
				"east": { "uv": [ 7.25, 3.75, 6, 4 ], "texture": "#sabredark" }
			}
		},
		{
			"__comment": "Voxels",
			"from": [ 6, 7, 23 ],
			"to": [ 9, 8, 25 ],
			"faces": {
				"down": { "uv": [ 4.25, 2, 5, 2.5 ], "texture": "#sabredark" },
				"up": { "uv": [ 4.25, 5, 5, 4.5 ], "texture": "#sabredark" },
				"north": { "uv": [ 8, 3, 7.25, 3.25 ], "texture": "#sabredark" },
				"south": { "uv": [ 4.25, 1.75, 5, 2 ], "texture": "#sabredark" },
				"west": { "uv": [ 15.5, 7.5, 16, 7.75 ], "texture": "#sabredark" },
				"east": { "uv": [ 8.5, 7.25, 8, 7.5 ], "texture": "#sabredark" }
			}
		},
		{
			"__comment": "Voxels",
			"from": [ 6, 7, 26 ],
			"to": [ 9, 10, 27 ],
			"faces": {
				"down": { "uv": [ 4.25, 1.25, 5, 1.5 ], "texture": "#sabredark" },
				"up": { "uv": [ 4.25, 1.25, 5, 1 ], "texture": "#sabredark" },
				"north": { "uv": [ 3.75, 2.25, 3, 3 ], "texture": "#sabredark" },
				"south": { "uv": [ 3, 3, 3.75, 3.75 ], "texture": "#sabredark" },
				"west": { "uv": [ 2.25, 0.5, 2.5, 1.25 ], "texture": "#sabredark" },
				"east": { "uv": [ 3, 8.25, 2.75, 9 ], "texture": "#sabredark" }
			}
		},
		{
			"__comment": "Voxels",
			"from": [ 6, 7, 27 ],
			"to": [ 9, 8, 28 ],
			"faces": {
				"down": { "uv": [ 4.25, 0.25, 5, 0.5 ], "texture": "#sabredark" },
				"up": { "uv": [ 4.25, 0.25, 5, 0 ], "texture": "#sabredark" },
				"north": { "uv": [ 5.75, 6.5, 5, 6.75 ], "texture": "#sabredark" },
				"south": { "uv": [ 5, 6.25, 5.75, 6.5 ], "texture": "#sabredark" },
				"west": { "uv": [ 8.75, 5.25, 9, 5.5 ], "texture": "#sabredark" },
				"east": { "uv": [ 15, 7, 14.75, 7.25 ], "texture": "#sabredark" }
			}
		},
		{
			"__comment": "Voxels",
			"from": [ 6, 7, 29 ],
			"to": [ 9, 8, 30 ],
			"faces": {
				"down": { "uv": [ 5, 6, 5.75, 6.25 ], "texture": "#sabredark" },
				"up": { "uv": [ 5, 6, 5.75, 5.75 ], "texture": "#sabredark" },
				"north": { "uv": [ 5.75, 5.5, 5, 5.75 ], "texture": "#sabredark" },
				"south": { "uv": [ 5, 5.25, 5.75, 5.5 ], "texture": "#sabredark" },
				"west": { "uv": [ 14.5, 7, 14.75, 7.25 ], "texture": "#sabredark" },
				"east": { "uv": [ 12.5, 7, 12.25, 7.25 ], "texture": "#sabredark" }
			}
		},
		{
			"__comment": "Voxels",
			"from": [ 6, 8, -14 ],
			"to": [ 9, 9, -12 ],
			"faces": {
				"down": { "uv": [ 4.25, 7, 5, 7.5 ], "texture": "#sabredark" },
				"up": { "uv": [ 4.25, 7, 5, 6.5 ], "texture": "#sabredark" },
				"north": { "uv": [ 5.75, 4.25, 5, 4.5 ], "texture": "#sabredark" },
				"south": { "uv": [ 5, 4, 5.75, 4.25 ], "texture": "#sabredark" },
				"west": { "uv": [ 8, 6.5, 8.5, 6.75 ], "texture": "#sabredark" },
				"east": { "uv": [ 8.5, 6.25, 8, 6.5 ], "texture": "#sabredark" }
			}
		},
		{
			"__comment": "Voxels",
			"from": [ 6, 8, 25 ],
			"to": [ 9, 9, 26 ],
			"faces": {
				"down": { "uv": [ 5, 3.5, 5.75, 3.75 ], "texture": "#sabredark" },
				"up": { "uv": [ 5, 3.5, 5.75, 3.25 ], "texture": "#sabredark" },
				"north": { "uv": [ 5.75, 3, 5, 3.25 ], "texture": "#sabredark" },
				"south": { "uv": [ 5, 2.75, 5.75, 3 ], "texture": "#sabredark" },
				"west": { "uv": [ 11.5, 7, 11.75, 7.25 ], "texture": "#sabredark" },
				"east": { "uv": [ 11.5, 7, 11.25, 7.25 ], "texture": "#sabredark" }
			}
		},
		{
			"__comment": "Voxels",
			"from": [ 6, 9, -11 ],
			"to": [ 9, 10, -8 ],
			"faces": {
				"down": { "uv": [ 4.25, 8, 5, 8.75 ], "texture": "#sabredark" },
				"up": { "uv": [ 4.25, 9.5, 5, 8.75 ], "texture": "#sabredark" },
				"north": { "uv": [ 5.75, 1.75, 5, 2 ], "texture": "#sabredark" },
				"south": { "uv": [ 5, 1.5, 5.75, 1.75 ], "texture": "#sabredark" },
				"west": { "uv": [ 5, 1, 5.75, 1.25 ], "texture": "#sabredark" },
				"east": { "uv": [ 5.75, 0.75, 5, 1 ], "texture": "#sabredark" }
			}
		},
		{
			"__comment": "Voxels",
			"from": [ 6, 9, -8 ],
			"to": [ 7, 10, -3 ],
			"faces": {
				"down": { "uv": [ 1.75, 0.5, 2, 1.75 ], "texture": "#sabredark" },
				"up": { "uv": [ 2, 1.75, 2.25, 0.5 ], "texture": "#sabredark" },
				"north": { "uv": [ 11.25, 7, 11, 7.25 ], "texture": "#sabredark" },
				"south": { "uv": [ 8.75, 7, 9, 7.25 ], "texture": "#sabredark" },
				"west": { "uv": [ 6, 3, 7.25, 3.25 ], "texture": "#sabredark" },
				"east": { "uv": [ 7.25, 2.75, 6, 3 ], "texture": "#sabredark" }
			}
		},
		{
			"__comment": "Voxels",
			"from": [ 6, 9, 23 ],
			"to": [ 9, 10, 25 ],
			"faces": {
				"down": { "uv": [ 4.25, 5.5, 5, 6 ], "texture": "#sabredark" },
				"up": { "uv": [ 4.25, 3, 5, 2.5 ], "texture": "#sabredark" },
				"north": { "uv": [ 15.25, 8.25, 14.5, 8.5 ], "texture": "#sabredark" },
				"south": { "uv": [ 15.25, 8.25, 16, 8.5 ], "texture": "#sabredark" },
				"west": { "uv": [ 8, 5.5, 8.5, 5.75 ], "texture": "#sabredark" },
				"east": { "uv": [ 8.5, 5.25, 8, 5.5 ], "texture": "#sabredark" }
			}
		},
		{
			"__comment": "Voxels",
			"from": [ 6, 9, 27 ],
			"to": [ 9, 10, 28 ],
			"faces": {
				"down": { "uv": [ 11.75, 8, 12.5, 8.25 ], "texture": "#sabredark" },
				"up": { "uv": [ 12.5, 8.25, 13.25, 8 ], "texture": "#sabredark" },
				"north": { "uv": [ 14, 8, 13.25, 8.25 ], "texture": "#sabredark" },
				"south": { "uv": [ 14, 8, 14.75, 8.25 ], "texture": "#sabredark" },
				"west": { "uv": [ 8.5, 1, 8.75, 1.25 ], "texture": "#sabredark" },
				"east": { "uv": [ 12.75, 6.75, 12.5, 7 ], "texture": "#sabredark" }
			}
		},
		{
			"__comment": "Voxels",
			"from": [ 6, 9, 29 ],
			"to": [ 9, 10, 30 ],
			"faces": {
				"down": { "uv": [ 7.25, 7.5, 8, 7.75 ], "texture": "#sabredark" },
				"up": { "uv": [ 7.25, 7.5, 8, 7.25 ], "texture": "#sabredark" },
				"north": { "uv": [ 8, 7, 7.25, 7.25 ], "texture": "#sabredark" },
				"south": { "uv": [ 7.25, 6.75, 8, 7 ], "texture": "#sabredark" },
				"west": { "uv": [ 8.75, 1.5, 9, 1.75 ], "texture": "#sabredark" },
				"east": { "uv": [ 8.75, 3.75, 8.5, 4 ], "texture": "#sabredark" }
			}
		},
		{
			"__comment": "Voxels",
			"from": [ 6, 10, 14 ],
			"to": [ 9, 11, 15 ],
			"faces": {
				"down": { "uv": [ 7.25, 5, 8, 5.25 ], "texture": "#sabredark" },
				"up": { "uv": [ 7.25, 4, 8, 3.75 ], "texture": "#sabredark" },
				"north": { "uv": [ 8, 3.25, 7.25, 3.5 ], "texture": "#sabredark" },
				"south": { "uv": [ 7.25, 5.25, 8, 5.5 ], "texture": "#sabredark" },
				"west": { "uv": [ 8.5, 4, 8.75, 4.25 ], "texture": "#sabredark" },
				"east": { "uv": [ 8.75, 4.75, 8.5, 5 ], "texture": "#sabredark" }
			}
		},
		{
			"__comment": "Voxels",
			"from": [ 6, 10, 28 ],
			"to": [ 9, 11, 29 ],
			"faces": {
				"down": { "uv": [ 4.25, 1.5, 5, 1.75 ], "texture": "#sabredark" },
				"up": { "uv": [ 4.25, 1, 5, 0.75 ], "texture": "#sabredark" },
				"north": { "uv": [ 5, 0.5, 4.25, 0.75 ], "texture": "#sabredark" },
				"south": { "uv": [ 5, 3.75, 5.75, 4 ], "texture": "#sabredark" },
				"west": { "uv": [ 8.5, 5, 8.75, 5.25 ], "texture": "#sabredark" },
				"east": { "uv": [ 13.25, 6.75, 13, 7 ], "texture": "#sabredark" }
			}
		},
		{
			"__comment": "Voxels",
			"from": [ 6, 11, 22 ],
			"to": [ 9, 12, 23 ],
			"faces": {
				"down": { "uv": [ 5, 2, 5.75, 2.25 ], "texture": "#sabredark" },
				"up": { "uv": [ 13, 8.5, 13.75, 8.25 ], "texture": "#sabredark" },
				"north": { "uv": [ 14.5, 8.25, 13.75, 8.5 ], "texture": "#sabredark" },
				"south": { "uv": [ 7.25, 8, 8, 8.25 ], "texture": "#sabredark" },
				"west": { "uv": [ 12.75, 6.75, 13, 7 ], "texture": "#sabredark" },
				"east": { "uv": [ 9, 6.5, 8.75, 6.75 ], "texture": "#sabredark" }
			}
		},
		{
			"__comment": "Voxels",
			"from": [ 7, 5, 20 ],
			"to": [ 10, 6, 22 ],
			"faces": {
				"down": { "uv": [ 4.25, 5, 5, 5.5 ], "texture": "#sabredark" },
				"up": { "uv": [ 4.25, 3.5, 5, 3 ], "texture": "#sabredark" },
				"north": { "uv": [ 11.75, 8, 11, 8.25 ], "texture": "#sabredark" },
				"south": { "uv": [ 5, 2.25, 5.75, 2.5 ], "texture": "#sabredark" },
				"west": { "uv": [ 8, 4, 8.5, 4.25 ], "texture": "#sabredark" },
				"east": { "uv": [ 8.5, 3.75, 8, 4 ], "texture": "#sabredark" }
			}
		},
		{
			"__comment": "Voxels",
			"from": [ 7, 5, 29 ],
			"to": [ 8, 7, 30 ],
			"faces": {
				"down": { "uv": [ 14.5, 7.25, 14.75, 7.5 ], "texture": "#sabredark" },
				"up": { "uv": [ 14.75, 7.5, 15, 7.25 ], "texture": "#sabredark" },
				"north": { "uv": [ 8.5, 4.75, 8.25, 5.25 ], "texture": "#sabredark" },
				"south": { "uv": [ 8, 3.25, 8.25, 3.75 ], "texture": "#sabredark" },
				"west": { "uv": [ 8.25, 3.25, 8.5, 3.75 ], "texture": "#sabredark" },
				"east": { "uv": [ 8.25, 2.75, 8, 3.25 ], "texture": "#sabredark" }
			}
		},
		{
			"__comment": "Voxels",
			"from": [ 7, 6, 12 ],
			"to": [ 8, 8, 13 ],
			"faces": {
				"down": { "uv": [ 8.75, 3, 9, 3.25 ], "texture": "#sabredark" },
				"up": { "uv": [ 8.75, 2.5, 9, 2.25 ], "texture": "#sabredark" },
				"north": { "uv": [ 8.5, 2.75, 8.25, 3.25 ], "texture": "#sabredark" },
				"south": { "uv": [ 8, 2.25, 8.25, 2.75 ], "texture": "#sabredark" },
				"west": { "uv": [ 8.25, 2.25, 8.5, 2.75 ], "texture": "#sabredark" },
				"east": { "uv": [ 8.25, 1.75, 8, 2.25 ], "texture": "#sabredark" }
			}
		},
		{
			"__comment": "Voxels",
			"from": [ 7, 6, 13 ],
			"to": [ 8, 7, 14 ],
			"faces": {
				"down": { "uv": [ 15.5, 7.25, 15.75, 7.5 ], "texture": "#sabredark" },
				"up": { "uv": [ 15.75, 7.5, 16, 7.25 ], "texture": "#sabredark" },
				"north": { "uv": [ 10.25, 7, 10, 7.25 ], "texture": "#sabredark" },
				"south": { "uv": [ 10.25, 7, 10.5, 7.25 ], "texture": "#sabredark" },
				"west": { "uv": [ 14, 7, 14.25, 7.25 ], "texture": "#sabredark" },
				"east": { "uv": [ 14.5, 7, 14.25, 7.25 ], "texture": "#sabredark" }
			}
		},
		{
			"__comment": "Voxels",
			"from": [ 7, 6, 30 ],
			"to": [ 8, 8, 31 ],
			"faces": {
				"down": { "uv": [ 8.75, 4, 9, 4.25 ], "texture": "#sabredark" },
				"up": { "uv": [ 8.75, 4, 9, 3.75 ], "texture": "#sabredark" },
				"north": { "uv": [ 8.5, 1.75, 8.25, 2.25 ], "texture": "#sabredark" },
				"south": { "uv": [ 8, 1.25, 8.25, 1.75 ], "texture": "#sabredark" },
				"west": { "uv": [ 8.25, 1.25, 8.5, 1.75 ], "texture": "#sabredark" },
				"east": { "uv": [ 8.25, 0.75, 8, 1.25 ], "texture": "#sabredark" }
			}
		},
		{
			"__comment": "Voxels",
			"from": [ 7, 7, -13 ],
			"to": [ 8, 8, -11 ],
			"faces": {
				"down": { "uv": [ 8.25, 0.75, 8.5, 1.25 ], "texture": "#sabredark" },
				"up": { "uv": [ 8, 0.75, 8.25, 0.25 ], "texture": "#sabredark" },
				"north": { "uv": [ 15.25, 7.25, 15, 7.5 ], "texture": "#sabredark" },
				"south": { "uv": [ 15.25, 7.25, 15.5, 7.5 ], "texture": "#sabredark" },
				"west": { "uv": [ 8, 0, 8.5, 0.25 ], "texture": "#sabredark" },
				"east": { "uv": [ 9, 7.25, 8.5, 7.5 ], "texture": "#sabredark" }
			}
		},
		{
			"__comment": "Voxels",
			"from": [ 7, 7, 11 ],
			"to": [ 11, 8, 12 ],
			"faces": {
				"down": { "uv": [ 5, 8.75, 6, 9 ], "texture": "#sabredark" },
				"up": { "uv": [ 5, 8.25, 6, 8 ], "texture": "#sabredark" },
				"north": { "uv": [ 6, 7.75, 5, 8 ], "texture": "#sabredark" },
				"south": { "uv": [ 5, 7, 6, 7.25 ], "texture": "#sabredark" },
				"west": { "uv": [ 8.5, 3.5, 8.75, 3.75 ], "texture": "#sabredark" },
				"east": { "uv": [ 8.75, 3.25, 8.5, 3.5 ], "texture": "#sabredark" }
			}
		},
		{
			"__comment": "Voxels",
			"from": [ 7, 7, 25 ],
			"to": [ 8, 8, 26 ],
			"faces": {
				"down": { "uv": [ 8.5, 0.5, 8.75, 0.75 ], "texture": "#sabredark" },
				"up": { "uv": [ 8.5, 0.5, 8.75, 0.25 ], "texture": "#sabredark" },
				"north": { "uv": [ 9.25, 7, 9, 7.25 ], "texture": "#sabredark" },
				"south": { "uv": [ 9.25, 7, 9.5, 7.25 ], "texture": "#sabredark" },
				"west": { "uv": [ 9.5, 7, 9.75, 7.25 ], "texture": "#sabredark" },
				"east": { "uv": [ 10, 7, 9.75, 7.25 ], "texture": "#sabredark" }
			}
		},
		{
			"__comment": "Voxels",
			"from": [ 7, 8, -16 ],
			"to": [ 8, 9, -14 ],
			"faces": {
				"down": { "uv": [ 8.25, 0.25, 8.5, 0.75 ], "texture": "#sabredark" },
				"up": { "uv": [ 8.5, 7.25, 8.75, 6.75 ], "texture": "#sabredark" },
				"north": { "uv": [ 13.25, 7, 13, 7.25 ], "texture": "#sabredark" },
				"south": { "uv": [ 13.25, 7, 13.5, 7.25 ], "texture": "#sabredark" },
				"west": { "uv": [ 9, 7.25, 9.5, 7.5 ], "texture": "#sabredark" },
				"east": { "uv": [ 10, 7.25, 9.5, 7.5 ], "texture": "#sabredark" }
			}
		},
		{
			"__comment": "Voxels",
			"from": [ 7, 8, 31 ],
			"to": [ 8, 9, 32 ],
			"faces": {
				"down": { "uv": [ 15, 7, 15.25, 7.25 ], "texture": "#sabredark" },
				"up": { "uv": [ 15.25, 7.25, 15.5, 7 ], "texture": "#sabredark" },
				"north": { "uv": [ 15.75, 7, 15.5, 7.25 ], "texture": "#sabredark" },
				"south": { "uv": [ 15.75, 7, 16, 7.25 ], "texture": "#sabredark" },
				"west": { "uv": [ 8.75, 6.75, 9, 7 ], "texture": "#sabredark" },
				"east": { "uv": [ 9, 4.25, 8.75, 4.5 ], "texture": "#sabredark" }
			}
		},
		{
			"__comment": "Voxels",
			"from": [ 7, 9, -13 ],
			"to": [ 8, 10, -11 ],
			"faces": {
				"down": { "uv": [ 8.5, 6.25, 8.75, 6.75 ], "texture": "#sabredark" },
				"up": { "uv": [ 8.5, 6.25, 8.75, 5.75 ], "texture": "#sabredark" },
				"north": { "uv": [ 9, 3.5, 8.75, 3.75 ], "texture": "#sabredark" },
				"south": { "uv": [ 8.75, 3.25, 9, 3.5 ], "texture": "#sabredark" },
				"west": { "uv": [ 10, 7.25, 10.5, 7.5 ], "texture": "#sabredark" },
				"east": { "uv": [ 11, 7.25, 10.5, 7.5 ], "texture": "#sabredark" }
			}
		},
		{
			"__comment": "Voxels",
			"from": [ 7, 9, 11 ],
			"to": [ 11, 10, 13 ],
			"faces": {
				"down": { "uv": [ 5, 9.25, 6, 9.75 ], "texture": "#sabredark" },
				"up": { "uv": [ 5, 10.25, 6, 9.75 ], "texture": "#sabredark" },
				"north": { "uv": [ 6, 7.25, 5, 7.5 ], "texture": "#sabredark" },
				"south": { "uv": [ 5, 7.5, 6, 7.75 ], "texture": "#sabredark" },
				"west": { "uv": [ 11, 7.25, 11.5, 7.5 ], "texture": "#sabredark" },
				"east": { "uv": [ 12, 7.25, 11.5, 7.5 ], "texture": "#sabredark" }
			}
		},
		{
			"__comment": "Voxels",
			"from": [ 7, 9, 25 ],
			"to": [ 8, 10, 26 ],
			"faces": {
				"down": { "uv": [ 13.25, 6.75, 13.5, 7 ], "texture": "#sabredark" },
				"up": { "uv": [ 12.75, 7.5, 13, 7.25 ], "texture": "#sabredark" },
				"north": { "uv": [ 13.25, 7.25, 13, 7.5 ], "texture": "#sabredark" },
				"south": { "uv": [ 13.25, 7.25, 13.5, 7.5 ], "texture": "#sabredark" },
				"west": { "uv": [ 13.5, 7.25, 13.75, 7.5 ], "texture": "#sabredark" },
				"east": { "uv": [ 14, 7.25, 13.75, 7.5 ], "texture": "#sabredark" }
			}
		},
		{
			"__comment": "Voxels",
			"from": [ 7, 9, 30 ],
			"to": [ 8, 11, 31 ],
			"faces": {
				"down": { "uv": [ 14, 7.25, 14.25, 7.5 ], "texture": "#sabredark" },
				"up": { "uv": [ 14.25, 7.5, 14.5, 7.25 ], "texture": "#sabredark" },
				"north": { "uv": [ 2.5, 0, 2.25, 0.5 ], "texture": "#sabredark" },
				"south": { "uv": [ 15.75, 14.75, 16, 15.25 ], "texture": "#sabredark" },
				"west": { "uv": [ 2.75, 6.25, 3, 6.75 ], "texture": "#sabredark" },
				"east": { "uv": [ 3, 5.75, 2.75, 6.25 ], "texture": "#sabredark" }
			}
		},
		{
			"__comment": "Voxels",
			"from": [ 7, 10, 12 ],
			"to": [ 8, 11, 14 ],
			"faces": {
				"down": { "uv": [ 2.75, 5.25, 3, 5.75 ], "texture": "#sabredark" },
				"up": { "uv": [ 2.75, 5.25, 3, 4.75 ], "texture": "#sabredark" },
				"north": { "uv": [ 8.75, 5.5, 8.5, 5.75 ], "texture": "#sabredark" },
				"south": { "uv": [ 8.5, 5.25, 8.75, 5.5 ], "texture": "#sabredark" },
				"west": { "uv": [ 3.75, 3.25, 4.25, 3.5 ], "texture": "#sabredark" },
				"east": { "uv": [ 4.25, 3, 3.75, 3.25 ], "texture": "#sabredark" }
			}
		},
		{
			"__comment": "Voxels",
			"from": [ 7, 10, 29 ],
			"to": [ 8, 12, 30 ],
			"faces": {
				"down": { "uv": [ 8.5, 4.5, 8.75, 4.75 ], "texture": "#sabredark" },
				"up": { "uv": [ 8.5, 4.5, 8.75, 4.25 ], "texture": "#sabredark" },
				"north": { "uv": [ 3, 4.25, 2.75, 4.75 ], "texture": "#sabredark" },
				"south": { "uv": [ 2.75, 3.75, 3, 4.25 ], "texture": "#sabredark" },
				"west": { "uv": [ 2.75, 3.25, 3, 3.75 ], "texture": "#sabredark" },
				"east": { "uv": [ 3, 2.75, 2.75, 3.25 ], "texture": "#sabredark" }
			}
		},
		{
			"__comment": "Voxels",
			"from": [ 7, 11, 15 ],
			"to": [ 8, 12, 16 ],
			"faces": {
				"down": { "uv": [ 8.5, 3, 8.75, 3.25 ], "texture": "#sabredark" },
				"up": { "uv": [ 8.5, 3, 8.75, 2.75 ], "texture": "#sabredark" },
				"north": { "uv": [ 8.75, 2.5, 8.5, 2.75 ], "texture": "#sabredark" },
				"south": { "uv": [ 8.5, 2.25, 8.75, 2.5 ], "texture": "#sabredark" },
				"west": { "uv": [ 8.5, 2, 8.75, 2.25 ], "texture": "#sabredark" },
				"east": { "uv": [ 8.75, 1.75, 8.5, 2 ], "texture": "#sabredark" }
			}
		},
		{
			"__comment": "Voxels",
			"from": [ 7, 11, 20 ],
			"to": [ 10, 12, 22 ],
			"faces": {
				"down": { "uv": [ 4.25, 6, 5, 6.5 ], "texture": "#sabredark" },
				"up": { "uv": [ 4.25, 4, 5, 3.5 ], "texture": "#sabredark" },
				"north": { "uv": [ 15.5, 8, 14.75, 8.25 ], "texture": "#sabredark" },
				"south": { "uv": [ 12.25, 8.25, 13, 8.5 ], "texture": "#sabredark" },
				"west": { "uv": [ 3.75, 2.25, 4.25, 2.5 ], "texture": "#sabredark" },
				"east": { "uv": [ 4.25, 2, 3.75, 2.25 ], "texture": "#sabredark" }
			}
		},
		{
			"__comment": "Voxels",
			"from": [ 8, 5, 18 ],
			"to": [ 10, 6, 20 ],
			"faces": {
				"down": { "uv": [ 3.75, 4, 4.25, 4.5 ], "texture": "#sabredark" },
				"up": { "uv": [ 3.75, 5.25, 4.25, 4.75 ], "texture": "#sabredark" },
				"north": { "uv": [ 4.25, 1.75, 3.75, 2 ], "texture": "#sabredark" },
				"south": { "uv": [ 3.75, 1.5, 4.25, 1.75 ], "texture": "#sabredark" },
				"west": { "uv": [ 3.75, 0.25, 4.25, 0.5 ], "texture": "#sabredark" },
				"east": { "uv": [ 4.25, 0, 3.75, 0.25 ], "texture": "#sabredark" }
			}
		},
		{
			"__comment": "Voxels",
			"from": [ 8, 7, -8 ],
			"to": [ 9, 8, 11 ],
			"faces": {
				"down": { "uv": [ 2.25, 6, 2.5, 10.75 ], "texture": "#sabredark" },
				"up": { "uv": [ 2.5, 15.25, 2.75, 10.5 ], "texture": "#sabredark" },
				"north": { "uv": [ 10.75, 7, 10.5, 7.25 ], "texture": "#sabredark" },
				"south": { "uv": [ 10.75, 7, 11, 7.25 ], "texture": "#sabredark" },
				"west": { "uv": [ 7.75, 15.75, 12.5, 16 ], "texture": "#sabredark" },
				"east": { "uv": [ 12.5, 15.5, 7.75, 15.75 ], "texture": "#sabredark" }
			}
		},
		{
			"__comment": "Voxels",
			"from": [ 8, 7, 12 ],
			"to": [ 11, 8, 13 ],
			"faces": {
				"down": { "uv": [ 5, 2.5, 5.75, 2.75 ], "texture": "#sabredark" },
				"up": { "uv": [ 5, 4.75, 5.75, 4.5 ], "texture": "#sabredark" },
				"north": { "uv": [ 5.75, 4.75, 5, 5 ], "texture": "#sabredark" },
				"south": { "uv": [ 5, 5, 5.75, 5.25 ], "texture": "#sabredark" },
				"west": { "uv": [ 12.5, 7, 12.75, 7.25 ], "texture": "#sabredark" },
				"east": { "uv": [ 13, 7, 12.75, 7.25 ], "texture": "#sabredark" }
			}
		},
		{
			"__comment": "Voxels",
			"from": [ 8, 9, -8 ],
			"to": [ 9, 10, 11 ],
			"faces": {
				"down": { "uv": [ 2.25, 1.25, 2.5, 6 ], "texture": "#sabredark" },
				"up": { "uv": [ 2.25, 15.5, 2.5, 10.75 ], "texture": "#sabredark" },
				"north": { "uv": [ 13.75, 7, 13.5, 7.25 ], "texture": "#sabredark" },
				"south": { "uv": [ 13.75, 7, 14, 7.25 ], "texture": "#sabredark" },
				"west": { "uv": [ 7.25, 15.25, 12, 15.5 ], "texture": "#sabredark" },
				"east": { "uv": [ 7.25, 15.25, 2.5, 15.5 ], "texture": "#sabredark" }
			}
		},
		{
			"__comment": "Voxels",
			"from": [ 8, 11, 18 ],
			"to": [ 10, 12, 20 ],
			"faces": {
				"down": { "uv": [ 15.5, 12.75, 16, 13.25 ], "texture": "#sabredark" },
				"up": { "uv": [ 1.75, 0.5, 2.25, 0 ], "texture": "#sabredark" },
				"north": { "uv": [ 10.5, 7.75, 10, 8 ], "texture": "#sabredark" },
				"south": { "uv": [ 10.5, 7.75, 11, 8 ], "texture": "#sabredark" },
				"west": { "uv": [ 11, 7.75, 11.5, 8 ], "texture": "#sabredark" },
				"east": { "uv": [ 12, 7.75, 11.5, 8 ], "texture": "#sabredark" }
			}
		},
		{
			"__comment": "Voxels",
			"from": [ 9, 7, -3 ],
			"to": [ 10, 8, 11 ],
			"faces": {
				"down": { "uv": [ 2.5, 3.5, 2.75, 7 ], "texture": "#sabredark" },
				"up": { "uv": [ 2.5, 3.5, 2.75, 0 ], "texture": "#sabredark" },
				"north": { "uv": [ 9, 6.25, 8.75, 6.5 ], "texture": "#sabredark" },
				"south": { "uv": [ 8.75, 6, 9, 6.25 ], "texture": "#sabredark" },
				"west": { "uv": [ 4, 12.5, 7.5, 12.75 ], "texture": "#sabredark" },
				"east": { "uv": [ 7.5, 12.75, 4, 13 ], "texture": "#sabredark" }
			}
		},
		{
			"__comment": "Voxels",
			"from": [ 9, 9, -3 ],
			"to": [ 10, 10, 11 ],
			"faces": {
				"down": { "uv": [ 2.5, 7, 2.75, 10.5 ], "texture": "#sabredark" },
				"up": { "uv": [ 2.75, 12.5, 3, 9 ], "texture": "#sabredark" },
				"north": { "uv": [ 9, 4.75, 8.75, 5 ], "texture": "#sabredark" },
				"south": { "uv": [ 8.75, 4.5, 9, 4.75 ], "texture": "#sabredark" },
				"west": { "uv": [ 9, 12.75, 12.5, 13 ], "texture": "#sabredark" },
				"east": { "uv": [ 12.5, 13, 9, 13.25 ], "texture": "#sabredark" }
			}
		},
		{
			"__comment": "Voxels",
			"from": [ 9, 12, 20 ],
			"to": [ 11, 13, 21 ],
			"faces": {
				"down": { "uv": [ 13, 7.75, 13.5, 8 ], "texture": "#sabredark" },
				"up": { "uv": [ 13.5, 8, 14, 7.75 ], "texture": "#sabredark" },
				"north": { "uv": [ 14.5, 7.75, 14, 8 ], "texture": "#sabredark" },
				"south": { "uv": [ 14.5, 7.75, 15, 8 ], "texture": "#sabredark" },
				"west": { "uv": [ 8.75, 2.75, 9, 3 ], "texture": "#sabredark" },
				"east": { "uv": [ 9, 2.5, 8.75, 2.75 ], "texture": "#sabredark" }
			}
		},
		{
			"__comment": "Voxels",
			"from": [ 10, 4, 20 ],
			"to": [ 12, 5, 21 ],
			"faces": {
				"down": { "uv": [ 15, 7.75, 15.5, 8 ], "texture": "#sabredark" },
				"up": { "uv": [ 15.5, 8, 16, 7.75 ], "texture": "#sabredark" },
				"north": { "uv": [ 8.5, 7.5, 8, 7.75 ], "texture": "#sabredark" },
				"south": { "uv": [ 10.5, 7.5, 11, 7.75 ], "texture": "#sabredark" },
				"west": { "uv": [ 8.75, 1.25, 9, 1.5 ], "texture": "#sabredark" },
				"east": { "uv": [ 9, 1, 8.75, 1.25 ], "texture": "#sabredark" }
			}
		},
		{
			"__comment": "Voxels",
			"from": [ 10, 7, 10 ],
			"to": [ 11, 8, 11 ],
			"faces": {
				"down": { "uv": [ 8.75, 0.75, 9, 1 ], "texture": "#sabredark" },
				"up": { "uv": [ 8.75, 0.75, 9, 0.5 ], "texture": "#sabredark" },
				"north": { "uv": [ 9, 0.25, 8.75, 0.5 ], "texture": "#sabredark" },
				"south": { "uv": [ 8.75, 0, 9, 0.25 ], "texture": "#sabredark" },
				"west": { "uv": [ 9, 6.75, 9.25, 7 ], "texture": "#sabredark" },
				"east": { "uv": [ 9.5, 6.75, 9.25, 7 ], "texture": "#sabredark" }
			}
		},
		{
			"__comment": "Voxels",
			"from": [ 10, 9, 10 ],
			"to": [ 11, 10, 11 ],
			"faces": {
				"down": { "uv": [ 9.5, 6.75, 9.75, 7 ], "texture": "#sabredark" },
				"up": { "uv": [ 9.75, 7, 10, 6.75 ], "texture": "#sabredark" },
				"north": { "uv": [ 10.25, 6.75, 10, 7 ], "texture": "#sabredark" },
				"south": { "uv": [ 10.25, 6.75, 10.5, 7 ], "texture": "#sabredark" },
				"west": { "uv": [ 10.5, 6.75, 10.75, 7 ], "texture": "#sabredark" },
				"east": { "uv": [ 11, 6.75, 10.75, 7 ], "texture": "#sabredark" }
			}
		},
		{
			"__comment": "Voxels",
			"from": [ 14, 8, 15 ],
			"to": [ 17, 9, 16 ],
			"faces": {
				"down": { "uv": [ 11.5, 8.25, 12.25, 8.5 ], "texture": "#sabredark" },
				"up": { "uv": [ 7.25, 1.75, 8, 1.5 ], "texture": "#sabredark" },
				"north": { "uv": [ 8, 1.75, 7.25, 2 ], "texture": "#sabredark" },
				"south": { "uv": [ 7.25, 3.5, 8, 3.75 ], "texture": "#sabredark" },
				"west": { "uv": [ 12, 6.75, 12.25, 7 ], "texture": "#sabredark" },
				"east": { "uv": [ 12.5, 6.75, 12.25, 7 ], "texture": "#sabredark" }
			}
		},
		{
			"__comment": "Voxels",
			"from": [ 14, 8, 20 ],
			"to": [ 16, 9, 21 ],
			"faces": {
				"down": { "uv": [ 11, 7.5, 11.5, 7.75 ], "texture": "#sabredark" },
				"up": { "uv": [ 12.5, 7.75, 13, 7.5 ], "texture": "#sabredark" },
				"north": { "uv": [ 13.5, 7.5, 13, 7.75 ], "texture": "#sabredark" },
				"south": { "uv": [ 13.5, 7.5, 14, 7.75 ], "texture": "#sabredark" },
				"west": { "uv": [ 13.5, 6.75, 13.75, 7 ], "texture": "#sabredark" },
				"east": { "uv": [ 14, 6.75, 13.75, 7 ], "texture": "#sabredark" }
			}
		}
	],
	"display": {
		"thirdperson_righthand": {
			"rotation":  [ 90, 0, 90 ],
			"translation":  [ 0, 12.8, 2.1 ],
			"scale":  [ 0.497, 0.52, 0.85 ]
		},
		"thirdperson_lefthand": {
			"rotation":  [ 90, 0, 90 ],
			"translation":  [ 0, 12.8, 2.1 ],
			"scale":  [ 0.497, 0.52, 0.85 ]
		},
		"firstperson_righthand": {
			"rotation":  [ 90, 0, 60 ],
			"translation":  [ 8, 18, -13 ],
			"scale":  [ 1, 1.2, 1.5 ]
		},
		"firstperson_lefthand": {
			"rotation":  [ 90, 0, 60 ],
			"translation":  [ 8, 18, -13 ],
			"scale":  [ 1, 1.2, 1.5 ]
		},
		"gui": {
			"rotation":  [ 90, -45, 0 ],
			"scale":  [ 0.28, 0.32, 0.42 ]
		},
		"ground": {
			"scale":  [ 0.62, 0.7, 1.05 ]
		},
		"fixed": {
			"rotation":  [ 90, 0, 0 ],
			"translation":  [ 1, 15, -2.4 ],
			"scale":  [ 1.3, 1.1, 2 ]
		}
	}
}