{
	"parent": "builtin/generated",
	"textures": {
		"layer0": "weapon/javelins/diamond_javelin"
	},
    "display": {
        "thirdperson_righthand": {
            "rotation": [ 45, 90, 180 ],
            "translation": [ 0, 0, 1 ],
            "scale": [ 1.75, 1.75, 1 ]
        },
        "thirdperson_lefthand": {
            "rotation": [ -135, -90, 0 ],
            "translation": [ 0, 0, 1 ],
            "scale": [ 1.75, 1.75, 1 ]
        },
        "firstperson_righthand": {
            "rotation": [ 30, -270, 0 ],
            "translation": [ 8, -2, -2 ],
            "scale": [ 1, 1, 0.5 ]
        },
        "firstperson_lefthand": {
            "rotation": [ -20, 270, -55 ],
            "translation": [  9, -1, -3 ],
            "scale": [ 1, 1, 0.5 ]
        },
        "gui": {
            "rotation": [ 15, -25, -5 ],
            "translation": [ 2, 3, 0 ],
            "scale": [ 0.65, 0.65, 0.65 ]
        },
        "fixed": {
            "rotation": [ 0, 180, 0 ],
            "translation": [ -2, 4, -5],
            "scale":[ 0.5, 0.5, 0.5]
        },
        "ground": {
            "rotation": [ 0, 0, 0 ],
            "translation": [ 4, 4, 2],
            "scale":[ 0.25, 0.25, 0.25]
        }
    }
}
