{
    "parent": "item/handheld",
	"textures": {
		"layer0": "item/gochunen"
	},
	"overrides": [
		{"predicate": {"custom_model_data":8}, "model": "item/spider"}
	],
	"elements": [ 	 
		{
			"__comment": "z3DGochunen x128",
			"from": [ 6.5, 4, 7.875 ],
			"to": [ 9.5, 4.375, 8.125 ],
			"faces": {
				"down": { "uv": [ 6.501, 11.874, 9.499, 11.999 ], "texture": "#gochunen" },
				"up": { "uv": [ 6.501, 11.751, 9.499, 11.626 ], "texture": "#gochunen" },
				"north": { "uv": [ 9.499, 11.626, 6.501, 11.999 ], "texture": "#gochunen" },
				"south": { "uv": [ 6.501, 11.626, 9.499, 11.999 ], "texture": "#gochunen" },
				"west": { "uv": [ 6.501, 11.626, 6.626, 11.999 ], "texture": "#gochunen" },
				"east": { "uv": [ 9.499, 11.626, 9.374, 11.999 ], "texture": "#gochunen" }
			}
		},
		{
			"__comment": "z3DGochunen x128",
			"from": [ 6.625, 4.375, 7.875 ],
			"to": [ 9.375, 4.625, 8.125 ],
			"faces": {
				"up": { "uv": [ 6.626, 11.501, 9.374, 11.376 ], "texture": "#gochunen" },
				"north": { "uv": [ 9.374, 11.376, 6.626, 11.624 ], "texture": "#gochunen" },
				"south": { "uv": [ 6.626, 11.376, 9.374, 11.624 ], "texture": "#gochunen" },
				"west": { "uv": [ 6.626, 11.376, 6.751, 11.624 ], "texture": "#gochunen" },
				"east": { "uv": [ 9.374, 11.376, 9.249, 11.624 ], "texture": "#gochunen" }
			}
		},
		{
			"__comment": "z3DGochunen x128",
			"from": [ 6.75, 4.625, 7.875 ],
			"to": [ 9.25, 4.875, 8.125 ],
			"faces": {
				"up": { "uv": [ 6.751, 11.251, 9.249, 11.126 ], "texture": "#gochunen" },
				"north": { "uv": [ 9.249, 11.126, 6.751, 11.374 ], "texture": "#gochunen" },
				"south": { "uv": [ 6.751, 11.126, 9.249, 11.374 ], "texture": "#gochunen" },
				"west": { "uv": [ 6.751, 11.126, 6.876, 11.374 ], "texture": "#gochunen" },
				"east": { "uv": [ 9.249, 11.126, 9.124, 11.374 ], "texture": "#gochunen" }
			}
		},
		{
			"__comment": "z3DGochunen x128",
			"from": [ 6.75, 3.875, 7.875 ],
			"to": [ 9.25, 4, 8.125 ],
			"faces": {
				"down": { "uv": [ 6.751, 11.999, 9.249, 12.124 ], "texture": "#gochunen" },
				"north": { "uv": [ 9.249, 12.001, 6.751, 12.124 ], "texture": "#gochunen" },
				"south": { "uv": [ 6.751, 12.001, 9.249, 12.124 ], "texture": "#gochunen" },
				"west": { "uv": [ 6.751, 12.001, 6.876, 12.124 ], "texture": "#gochunen" },
				"east": { "uv": [ 9.249, 12.001, 9.124, 12.124 ], "texture": "#gochunen" }
			}
		},
		{
			"__comment": "z3DGochunen x128",
			"from": [ 6.875, 4.875, 7.875 ],
			"to": [ 9.125, 5.375, 8.125 ],
			"faces": {
				"up": { "uv": [ 6.876, 10.751, 9.124, 10.626 ], "texture": "#gochunen" },
				"north": { "uv": [ 9.124, 10.626, 6.876, 11.124 ], "texture": "#gochunen" },
				"south": { "uv": [ 6.876, 10.626, 9.124, 11.124 ], "texture": "#gochunen" },
				"west": { "uv": [ 6.876, 10.626, 7.001, 11.124 ], "texture": "#gochunen" },
				"east": { "uv": [ 9.124, 10.626, 8.999, 11.124 ], "texture": "#gochunen" }
			}
		},
		{
			"__comment": "z3DGochunen x128",
			"from": [ 7, 5.375, 7.875 ],
			"to": [ 9, 5.5, 8.125 ],
			"faces": {
				"up": { "uv": [ 7.001, 10.626, 8.999, 10.501 ], "texture": "#gochunen" },
				"north": { "uv": [ 8.999, 10.501, 7.001, 10.624 ], "texture": "#gochunen" },
				"south": { "uv": [ 7.001, 10.501, 8.999, 10.624 ], "texture": "#gochunen" }
			}
		},
		{
			"__comment": "z3DGochunen x128",
			"from": [ 7, 1, 7.625 ],
			"to": [ 7.75, 1.125, 8.375 ],
			"faces": {
				"down": { "uv": [ 7.001, 14.874, 7.749, 14.999 ], "texture": "#gochunen" },
				"up": { "uv": [ 7.001, 15.001, 7.749, 14.876 ], "texture": "#gochunen" },
				"north": { "uv": [ 7.749, 14.876, 7.001, 14.999 ], "texture": "#gochunen" },
				"south": { "uv": [ 7.001, 14.876, 7.749, 14.999 ], "texture": "#gochunen" },
				"west": { "uv": [ 7.001, 14.876, 7.126, 14.999 ], "texture": "#gochunen" },
				"east": { "uv": [ 7.749, 14.876, 7.624, 14.999 ], "texture": "#gochunen" }
			}
		},
		{
			"__comment": "z3DGochunen x128",
			"from": [ 7.125, 5.5, 7.875 ],
			"to": [ 8.875, 9.25, 8.125 ],
			"faces": {
				"up": { "uv": [ 7.126, 6.875999, 8.874, 6.750999 ], "texture": "#gochunen" },
				"north": { "uv": [ 8.874, 6.750999, 7.126, 10.499 ], "texture": "#gochunen" },
				"south": { "uv": [ 7.126, 6.750999, 8.874, 10.499 ], "texture": "#gochunen" },
				"west": { "uv": [ 7.126, 6.750999, 7.251, 10.499 ], "texture": "#gochunen" },
				"east": { "uv": [ 8.874, 6.750999, 8.749, 10.499 ], "texture": "#gochunen" }
			}
		},
		{
			"__comment": "z3DGochunen x128",
			"from": [ 7.125, 3.75, 7.875 ],
			"to": [ 8.875, 3.875, 8.125 ],
			"faces": {
				"down": { "uv": [ 7.126, 12.124, 8.874, 12.249 ], "texture": "#gochunen" },
				"north": { "uv": [ 8.874, 12.126, 7.126, 12.249 ], "texture": "#gochunen" },
				"south": { "uv": [ 7.126, 12.126, 8.874, 12.249 ], "texture": "#gochunen" },
				"west": { "uv": [ 7.126, 12.126, 7.251, 12.249 ], "texture": "#gochunen" },
				"east": { "uv": [ 8.874, 12.126, 8.749, 12.249 ], "texture": "#gochunen" }
			}
		},
		{
			"__comment": "z3DGochunen x128",
			"from": [ 7.125, 1.125, 7.625 ],
			"to": [ 7.75, 1.25, 8.375 ],
			"faces": {
				"up": { "uv": [ 7.126, 14.876, 7.749, 14.751 ], "texture": "#gochunen" },
				"north": { "uv": [ 7.749, 14.751, 7.126, 14.874 ], "texture": "#gochunen" },
				"south": { "uv": [ 7.126, 14.751, 7.749, 14.874 ], "texture": "#gochunen" },
				"west": { "uv": [ 7.126, 14.751, 7.251, 14.874 ], "texture": "#gochunen" },
				"east": { "uv": [ 7.749, 14.751, 7.624, 14.874 ], "texture": "#gochunen" }
			}
		},
		{
			"__comment": "z3DGochunen x128",
			"from": [ 7.25, 9.25, 7.875 ],
			"to": [ 8.75, 11.25, 8.125 ],
			"faces": {
				"up": { "uv": [ 7.251, 4.875999, 8.749, 4.750999 ], "texture": "#gochunen" },
				"north": { "uv": [ 8.749, 4.750999, 7.251, 6.749001 ], "texture": "#gochunen" },
				"south": { "uv": [ 7.251, 4.750999, 8.749, 6.749001 ], "texture": "#gochunen" },
				"west": { "uv": [ 7.251, 4.750999, 7.376, 6.749001 ], "texture": "#gochunen" },
				"east": { "uv": [ 8.749, 4.750999, 8.624, 6.749001 ], "texture": "#gochunen" }
			}
		},
		{
			"__comment": "z3DGochunen x128",
			"from": [ 7.375, 11.25, 7.875 ],
			"to": [ 8.625, 12.625, 8.125 ],
			"faces": {
				"up": { "uv": [ 7.376, 3.500999, 8.624, 3.375999 ], "texture": "#gochunen" },
				"north": { "uv": [ 8.624, 3.375999, 7.376, 4.749001 ], "texture": "#gochunen" },
				"south": { "uv": [ 7.376, 3.375999, 8.624, 4.749001 ], "texture": "#gochunen" },
				"west": { "uv": [ 7.376, 3.375999, 7.501, 4.749001 ], "texture": "#gochunen" },
				"east": { "uv": [ 8.624, 3.375999, 8.499, 4.749001 ], "texture": "#gochunen" }
			}
		},
		{
			"__comment": "z3DGochunen x128",
			"from": [ 7.5, 12.625, 7.875 ],
			"to": [ 8.5, 13.5, 8.125 ],
			"faces": {
				"up": { "uv": [ 7.501, 2.625999, 8.499, 2.500999 ], "texture": "#gochunen" },
				"north": { "uv": [ 8.499, 2.500999, 7.501, 3.374001 ], "texture": "#gochunen" },
				"south": { "uv": [ 7.501, 2.500999, 8.499, 3.374001 ], "texture": "#gochunen" },
				"west": { "uv": [ 7.501, 2.500999, 7.626, 3.374001 ], "texture": "#gochunen" },
				"east": { "uv": [ 8.499, 2.500999, 8.374, 3.374001 ], "texture": "#gochunen" }
			}
		},
		{
			"__comment": "z3DGochunen x128",
			"from": [ 7.5, 1.25, 7.625 ],
			"to": [ 7.875, 1.5, 8.375 ],
			"faces": {
				"down": { "uv": [ 7.501, 14.624, 7.874, 14.749 ], "texture": "#gochunen" },
				"up": { "uv": [ 7.501, 14.626, 7.874, 14.501 ], "texture": "#gochunen" },
				"north": { "uv": [ 7.874, 14.501, 7.501, 14.749 ], "texture": "#gochunen" },
				"south": { "uv": [ 7.501, 14.501, 7.874, 14.749 ], "texture": "#gochunen" },
				"west": { "uv": [ 7.501, 14.501, 7.626, 14.749 ], "texture": "#gochunen" },
				"east": { "uv": [ 7.874, 14.501, 7.749, 14.749 ], "texture": "#gochunen" }
			}
		},
		{
			"__comment": "z3DGochunen x128",
			"from": [ 7.5, 0.75, 7.625 ],
			"to": [ 7.875, 1, 8.375 ],
			"faces": {
				"down": { "uv": [ 7.501, 15.124, 7.874, 15.249 ], "texture": "#gochunen" },
				"up": { "uv": [ 7.501, 15.126, 7.874, 15.001 ], "texture": "#gochunen" },
				"north": { "uv": [ 7.874, 15.001, 7.501, 15.249 ], "texture": "#gochunen" },
				"south": { "uv": [ 7.501, 15.001, 7.874, 15.249 ], "texture": "#gochunen" },
				"west": { "uv": [ 7.501, 15.001, 7.626, 15.249 ], "texture": "#gochunen" },
				"east": { "uv": [ 7.874, 15.001, 7.749, 15.249 ], "texture": "#gochunen" }
			}
		},
		{
			"__comment": "z3DGochunen x128",
			"from": [ 7.625, 13.5, 7.875 ],
			"to": [ 8.375, 14.375, 8.125 ],
			"faces": {
				"up": { "uv": [ 7.626, 1.750999, 8.374, 1.625999 ], "texture": "#gochunen" },
				"north": { "uv": [ 8.374, 1.625999, 7.626, 2.499001 ], "texture": "#gochunen" },
				"south": { "uv": [ 7.626, 1.625999, 8.374, 2.499001 ], "texture": "#gochunen" },
				"west": { "uv": [ 7.626, 1.625999, 7.751, 2.499001 ], "texture": "#gochunen" },
				"east": { "uv": [ 8.374, 1.625999, 8.249, 2.499001 ], "texture": "#gochunen" }
			}
		},
		{
			"__comment": "z3DGochunen x128",
			"from": [ 7.625, 3.625, 7.625 ],
			"to": [ 8.375, 3.75, 8.375 ],
			"faces": {
				"down": { "uv": [ 7.626, 12.249, 8.374, 12.374 ], "texture": "#gochunen" },
				"north": { "uv": [ 8.374, 12.251, 7.626, 12.374 ], "texture": "#gochunen" },
				"south": { "uv": [ 7.626, 12.251, 8.374, 12.374 ], "texture": "#gochunen" },
				"west": { "uv": [ 7.626, 12.251, 7.751, 12.374 ], "texture": "#gochunen" },
				"east": { "uv": [ 8.374, 12.251, 8.249, 12.374 ], "texture": "#gochunen" }
			}
		},
		{
			"__comment": "z3DGochunen x128",
			"from": [ 7.625, 1.5, 7.75 ],
			"to": [ 8.375, 2.375, 8.25 ],
			"faces": {
				"up": { "uv": [ 7.626, 13.751, 8.374, 13.626 ], "texture": "#gochunen" },
				"north": { "uv": [ 8.374, 13.626, 7.626, 14.499 ], "texture": "#gochunen" },
				"south": { "uv": [ 7.626, 13.626, 8.374, 14.499 ], "texture": "#gochunen" },
				"west": { "uv": [ 7.626, 13.626, 7.751, 14.499 ], "texture": "#gochunen" },
				"east": { "uv": [ 8.374, 13.626, 8.249, 14.499 ], "texture": "#gochunen" }
			}
		},
		{
			"__comment": "z3DGochunen x128",
			"from": [ 7.625, 0.625, 7.625 ],
			"to": [ 8.375, 0.75, 8.375 ],
			"faces": {
				"down": { "uv": [ 7.626, 15.249, 8.374, 15.374 ], "texture": "#gochunen" },
				"up": { "uv": [ 7.626, 15.376, 8.374, 15.251 ], "texture": "#gochunen" },
				"north": { "uv": [ 8.374, 15.251, 7.626, 15.374 ], "texture": "#gochunen" },
				"south": { "uv": [ 7.626, 15.251, 8.374, 15.374 ], "texture": "#gochunen" },
				"west": { "uv": [ 7.626, 15.251, 7.751, 15.374 ], "texture": "#gochunen" },
				"east": { "uv": [ 8.374, 15.251, 8.249, 15.374 ], "texture": "#gochunen" }
			}
		},
		{
			"__comment": "z3DGochunen x128",
			"from": [ 7.75, 14.375, 7.875 ],
			"to": [ 8.25, 15.25, 8.125 ],
			"faces": {
				"up": { "uv": [ 7.751, 0.8760004, 8.249, 0.7510004 ], "texture": "#gochunen" },
				"north": { "uv": [ 8.249, 0.7510004, 7.751, 1.624001 ], "texture": "#gochunen" },
				"south": { "uv": [ 7.751, 0.7510004, 8.249, 1.624001 ], "texture": "#gochunen" },
				"west": { "uv": [ 7.751, 0.7510004, 7.876, 1.624001 ], "texture": "#gochunen" },
				"east": { "uv": [ 8.249, 0.7510004, 8.124, 1.624001 ], "texture": "#gochunen" }
			}
		},
		{
			"__comment": "z3DGochunen x128",
			"from": [ 7.75, 2.375, 7.75 ],
			"to": [ 8.25, 3.625, 8.25 ],
			"faces": {
				"north": { "uv": [ 8.249, 12.376, 7.751, 13.624 ], "texture": "#gochunen" },
				"south": { "uv": [ 7.751, 12.376, 8.249, 13.624 ], "texture": "#gochunen" },
				"west": { "uv": [ 7.751, 12.376, 7.876, 13.624 ], "texture": "#gochunen" },
				"east": { "uv": [ 8.249, 12.376, 8.124, 13.624 ], "texture": "#gochunen" }
			}
		},
		{
			"__comment": "z3DGochunen x128",
			"from": [ 7.875, 15.125, 7.875 ],
			"to": [ 8.125, 15.75, 8.125 ],
			"faces": {
				"up": { "uv": [ 7.876, 0.3760004, 8.124, 0.2510004 ], "texture": "#gochunen" },
				"north": { "uv": [ 8.124, 0.2510004, 7.876, 0.7489996 ], "texture": "#gochunen" },
				"south": { "uv": [ 7.876, 0.2510004, 8.124, 0.7489996 ], "texture": "#gochunen" },
				"west": { "uv": [ 7.876, 0.2510004, 8.000999, 0.7489996 ], "texture": "#gochunen" },
				"east": { "uv": [ 8.124, 0.2510004, 7.999, 0.7489996 ], "texture": "#gochunen" }
			}
		},
		{
			"__comment": "z3DGochunen x128",
			"from": [ 7.875, 1.375, 7.625 ],
			"to": [ 8.5, 1.5, 8.375 ],
			"faces": {
				"down": { "uv": [ 7.876, 14.499, 8.499, 14.624 ], "texture": "#gochunen" },
				"up": { "uv": [ 7.876, 14.626, 8.499, 14.501 ], "texture": "#gochunen" },
				"north": { "uv": [ 8.499, 14.501, 7.876, 14.624 ], "texture": "#gochunen" },
				"south": { "uv": [ 7.876, 14.501, 8.499, 14.624 ], "texture": "#gochunen" },
				"east": { "uv": [ 8.499, 14.501, 8.374, 14.624 ], "texture": "#gochunen" }
			}
		},
		{
			"__comment": "z3DGochunen x128",
			"from": [ 7.875, 0.75, 7.625 ],
			"to": [ 8.5, 0.875, 8.375 ],
			"faces": {
				"down": { "uv": [ 7.876, 15.124, 8.499, 15.249 ], "texture": "#gochunen" },
				"up": { "uv": [ 7.876, 15.251, 8.499, 15.126 ], "texture": "#gochunen" },
				"north": { "uv": [ 8.499, 15.126, 7.876, 15.249 ], "texture": "#gochunen" },
				"south": { "uv": [ 7.876, 15.126, 8.499, 15.249 ], "texture": "#gochunen" },
				"east": { "uv": [ 8.499, 15.126, 8.374, 15.249 ], "texture": "#gochunen" }
			}
		},
		{
			"__comment": "z3DGochunen x128",
			"from": [ 7.875, 0.25, 7.625 ],
			"to": [ 8.125, 0.625, 8.375 ],
			"faces": {
				"down": { "uv": [ 7.876, 15.624, 8.124, 15.749 ], "texture": "#gochunen" },
				"north": { "uv": [ 8.124, 15.376, 7.876, 15.749 ], "texture": "#gochunen" },
				"south": { "uv": [ 7.876, 15.376, 8.124, 15.749 ], "texture": "#gochunen" },
				"west": { "uv": [ 7.876, 15.376, 8.000999, 15.749 ], "texture": "#gochunen" },
				"east": { "uv": [ 8.124, 15.376, 7.999, 15.749 ], "texture": "#gochunen" }
			}
		},
		{
			"__comment": "z3DGochunen x128",
			"from": [ 8, 0.125, 7.625 ],
			"to": [ 8.125, 0.25, 8.375 ],
			"faces": {
				"down": { "uv": [ 8.001, 15.749, 8.124, 15.874 ], "texture": "#gochunen" },
				"north": { "uv": [ 8.124, 15.751, 8.001, 15.874 ], "texture": "#gochunen" },
				"south": { "uv": [ 8.001, 15.751, 8.124, 15.874 ], "texture": "#gochunen" },
				"west": { "uv": [ 8.001, 15.751, 8.126, 15.874 ], "texture": "#gochunen" },
				"east": { "uv": [ 8.124, 15.751, 7.999, 15.874 ], "texture": "#gochunen" }
			}
		},
		{
			"__comment": "z3DGochunen x128",
			"from": [ 8.125, 1.25, 7.625 ],
			"to": [ 8.5, 1.375, 8.375 ],
			"faces": {
				"down": { "uv": [ 8.126, 14.624, 8.499, 14.749 ], "texture": "#gochunen" },
				"north": { "uv": [ 8.499, 14.626, 8.126, 14.749 ], "texture": "#gochunen" },
				"south": { "uv": [ 8.126, 14.626, 8.499, 14.749 ], "texture": "#gochunen" },
				"west": { "uv": [ 8.126, 14.626, 8.251, 14.749 ], "texture": "#gochunen" },
				"east": { "uv": [ 8.499, 14.626, 8.374, 14.749 ], "texture": "#gochunen" }
			}
		},
		{
			"__comment": "z3DGochunen x128",
			"from": [ 8.125, 0.875, 7.625 ],
			"to": [ 8.5, 1, 8.375 ],
			"faces": {
				"up": { "uv": [ 8.126, 15.126, 8.499, 15.001 ], "texture": "#gochunen" },
				"north": { "uv": [ 8.499, 15.001, 8.126, 15.124 ], "texture": "#gochunen" },
				"south": { "uv": [ 8.126, 15.001, 8.499, 15.124 ], "texture": "#gochunen" },
				"west": { "uv": [ 8.126, 15.001, 8.251, 15.124 ], "texture": "#gochunen" },
				"east": { "uv": [ 8.499, 15.001, 8.374, 15.124 ], "texture": "#gochunen" }
			}
		},
		{
			"__comment": "z3DGochunen x128",
			"from": [ 8.25, 1, 7.625 ],
			"to": [ 8.875, 1.25, 8.375 ],
			"faces": {
				"down": { "uv": [ 8.251, 14.874, 8.874, 14.999 ], "texture": "#gochunen" },
				"up": { "uv": [ 8.251, 14.876, 8.874, 14.751 ], "texture": "#gochunen" },
				"north": { "uv": [ 8.874, 14.751, 8.251, 14.999 ], "texture": "#gochunen" },
				"south": { "uv": [ 8.251, 14.751, 8.874, 14.999 ], "texture": "#gochunen" },
				"west": { "uv": [ 8.251, 14.751, 8.376, 14.999 ], "texture": "#gochunen" },
				"east": { "uv": [ 8.874, 14.751, 8.749, 14.999 ], "texture": "#gochunen" }
			}
		},
		{
			"__comment": "z3DGochunen x128",
			"from": [ 8.875, 1.125, 7.625 ],
			"to": [ 9, 1.25, 8.375 ],
			"faces": {
				"down": { "uv": [ 8.876, 14.749, 8.999, 14.874 ], "texture": "#gochunen" },
				"up": { "uv": [ 8.876, 14.876, 8.999, 14.751 ], "texture": "#gochunen" },
				"north": { "uv": [ 8.999, 14.751, 8.876, 14.874 ], "texture": "#gochunen" },
				"south": { "uv": [ 8.876, 14.751, 8.999, 14.874 ], "texture": "#gochunen" },
				"east": { "uv": [ 8.999, 14.751, 8.874, 14.874 ], "texture": "#gochunen" }
			}
		},
		{
			"__comment": "Element",
			"from": [ 7.625, 3.75, 7.625 ],
			"to": [ 8.375, 4.75, 8.375 ],
			"faces": {
				"up": { "uv": [ 7.626, 11.376, 8.374, 11.251 ], "texture": "#gochunen" },
				"north": { "uv": [ 8.374, 11.251, 7.626, 12.249 ], "texture": "#gochunen" },
				"south": { "uv": [ 7.626, 11.251, 8.374, 12.249 ], "texture": "#gochunen" },
				"west": { "uv": [ 7.626, 11.251, 7.751, 12.249 ], "texture": "#gochunen" },
				"east": { "uv": [ 8.374, 11.251, 8.249, 12.249 ], "texture": "#gochunen" }
			}
		},
		{
			"__comment": "Element",
			"from": [ 7.5, 3.875, 7.625 ],
			"to": [ 7.625, 5, 8.375 ],
			"faces": {
				"down": { "uv": [ 7.501, 11.999, 7.624, 12.124 ], "texture": "#gochunen" },
				"north": { "uv": [ 7.624, 11.001, 7.501, 12.124 ], "texture": "#gochunen" },
				"south": { "uv": [ 7.501, 11.001, 7.624, 12.124 ], "texture": "#gochunen" },
				"west": { "uv": [ 7.501, 11.001, 7.626, 12.124 ], "texture": "#gochunen" },
				"east": { "uv": [ 7.624, 11.001, 7.499, 12.124 ], "texture": "#gochunen" }
			}
		},
		{
			"__comment": "Element",
			"from": [ 7.375, 4.25, 7.625 ],
			"to": [ 7.5, 5.125, 8.375 ],
			"faces": {
				"down": { "uv": [ 7.376, 11.624, 7.499, 11.749 ], "texture": "#gochunen" },
				"north": { "uv": [ 7.499, 10.876, 7.376, 11.749 ], "texture": "#gochunen" },
				"south": { "uv": [ 7.376, 10.876, 7.499, 11.749 ], "texture": "#gochunen" },
				"west": { "uv": [ 7.376, 10.876, 7.501, 11.749 ], "texture": "#gochunen" },
				"east": { "uv": [ 7.499, 10.876, 7.374, 11.749 ], "texture": "#gochunen" }
			}
		},
		{
			"__comment": "Element",
			"from": [ 7.125, 4.75, 7.625 ],
			"to": [ 7.375, 5.625, 8.375 ],
			"faces": {
				"down": { "uv": [ 7.126, 11.124, 7.374, 11.249 ], "texture": "#gochunen" },
				"up": { "uv": [ 7.126, 10.501, 7.374, 10.376 ], "texture": "#gochunen" },
				"north": { "uv": [ 7.374, 10.376, 7.126, 11.249 ], "texture": "#gochunen" },
				"south": { "uv": [ 7.126, 10.376, 7.374, 11.249 ], "texture": "#gochunen" },
				"west": { "uv": [ 7.126, 10.376, 7.251, 11.249 ], "texture": "#gochunen" }
			}
		},
		{
			"__comment": "Element",
			"from": [ 7.25, 4.625, 7.625 ],
			"to": [ 7.375, 4.75, 8.375 ],
			"faces": {
				"down": { "uv": [ 7.251, 11.249, 7.374, 11.374 ], "texture": "#gochunen" },
				"north": { "uv": [ 7.374, 11.251, 7.251, 11.374 ], "texture": "#gochunen" },
				"south": { "uv": [ 7.251, 11.251, 7.374, 11.374 ], "texture": "#gochunen" },
				"west": { "uv": [ 7.251, 11.251, 7.376, 11.374 ], "texture": "#gochunen" }
			}
		},
		{
			"__comment": "Element",
			"from": [ 7.25, 5.625, 7.625 ],
			"to": [ 7.5, 5.875, 8.375 ],
			"faces": {
				"down": { "uv": [ 7.251, 10.249, 7.499, 10.374 ], "texture": "#gochunen" },
				"up": { "uv": [ 7.251, 10.251, 7.499, 10.126 ], "texture": "#gochunen" },
				"north": { "uv": [ 7.499, 10.126, 7.251, 10.374 ], "texture": "#gochunen" },
				"south": { "uv": [ 7.251, 10.126, 7.499, 10.374 ], "texture": "#gochunen" },
				"west": { "uv": [ 7.251, 10.126, 7.376, 10.374 ], "texture": "#gochunen" }
			}
		},
		{
			"__comment": "Element",
			"from": [ 7, 4.875, 7.625 ],
			"to": [ 7.125, 5.5, 8.375 ],
			"faces": {
				"down": { "uv": [ 7.001, 10.999, 7.124, 11.124 ], "texture": "#gochunen" },
				"up": { "uv": [ 7.001, 10.626, 7.124, 10.501 ], "texture": "#gochunen" },
				"north": { "uv": [ 7.124, 10.501, 7.001, 11.124 ], "texture": "#gochunen" },
				"south": { "uv": [ 7.001, 10.501, 7.124, 11.124 ], "texture": "#gochunen" },
				"west": { "uv": [ 7.001, 10.501, 7.126, 11.124 ], "texture": "#gochunen" }
			}
		},
		{
			"__comment": "Element",
			"from": [ 6.875, 5, 7.625 ],
			"to": [ 7, 5.375, 8.375 ],
			"faces": {
				"down": { "uv": [ 6.876, 10.874, 6.999, 10.999 ], "texture": "#gochunen" },
				"up": { "uv": [ 6.876, 10.751, 6.999, 10.626 ], "texture": "#gochunen" },
				"north": { "uv": [ 6.999, 10.626, 6.876, 10.999 ], "texture": "#gochunen" },
				"south": { "uv": [ 6.876, 10.626, 6.999, 10.999 ], "texture": "#gochunen" },
				"west": { "uv": [ 6.876, 10.626, 7.001, 10.999 ], "texture": "#gochunen" }
			}
		},
		{
			"__comment": "Element",
			"from": [ 8.625, 4.625, 7.625 ],
			"to": [ 8.75, 4.75, 8.375 ],
			"faces": {
				"down": { "uv": [ 8.626, 11.249, 8.749, 11.374 ], "texture": "#gochunen" },
				"north": { "uv": [ 8.749, 11.251, 8.626, 11.374 ], "texture": "#gochunen" },
				"south": { "uv": [ 8.626, 11.251, 8.749, 11.374 ], "texture": "#gochunen" },
				"east": { "uv": [ 8.749, 11.251, 8.624, 11.374 ], "texture": "#gochunen" }
			}
		},
		{
			"__comment": "Element",
			"from": [ 8.375, 3.875, 7.625 ],
			"to": [ 8.5, 5, 8.375 ],
			"faces": {
				"down": { "uv": [ 8.376, 11.999, 8.499, 12.124 ], "texture": "#gochunen" },
				"north": { "uv": [ 8.499, 11.001, 8.376, 12.124 ], "texture": "#gochunen" },
				"south": { "uv": [ 8.376, 11.001, 8.499, 12.124 ], "texture": "#gochunen" },
				"west": { "uv": [ 8.376, 11.001, 8.501, 12.124 ], "texture": "#gochunen" },
				"east": { "uv": [ 8.499, 11.001, 8.374, 12.124 ], "texture": "#gochunen" }
			}
		},
		{
			"__comment": "Element",
			"from": [ 8.625, 4.75, 7.625 ],
			"to": [ 8.875, 5.625, 8.375 ],
			"faces": {
				"down": { "uv": [ 8.626, 11.124, 8.874, 11.249 ], "texture": "#gochunen" },
				"up": { "uv": [ 8.626, 10.501, 8.874, 10.376 ], "texture": "#gochunen" },
				"north": { "uv": [ 8.874, 10.376, 8.626, 11.249 ], "texture": "#gochunen" },
				"south": { "uv": [ 8.626, 10.376, 8.874, 11.249 ], "texture": "#gochunen" },
				"east": { "uv": [ 8.874, 10.376, 8.749, 11.249 ], "texture": "#gochunen" }
			}
		},
		{
			"__comment": "Element",
			"from": [ 8.5, 4.25, 7.625 ],
			"to": [ 8.625, 5.125, 8.375 ],
			"faces": {
				"down": { "uv": [ 8.501, 11.624, 8.624, 11.749 ], "texture": "#gochunen" },
				"north": { "uv": [ 8.624, 10.876, 8.501, 11.749 ], "texture": "#gochunen" },
				"south": { "uv": [ 8.501, 10.876, 8.624, 11.749 ], "texture": "#gochunen" },
				"west": { "uv": [ 8.501, 10.876, 8.626, 11.749 ], "texture": "#gochunen" },
				"east": { "uv": [ 8.624, 10.876, 8.499, 11.749 ], "texture": "#gochunen" }
			}
		},
		{
			"__comment": "Element",
			"from": [ 8.625, 5.625, 7.625 ],
			"to": [ 8.75, 5.875, 8.375 ],
			"faces": {
				"up": { "uv": [ 8.626, 10.251, 8.749, 10.126 ], "texture": "#gochunen" },
				"north": { "uv": [ 8.749, 10.126, 8.626, 10.374 ], "texture": "#gochunen" },
				"south": { "uv": [ 8.626, 10.126, 8.749, 10.374 ], "texture": "#gochunen" },
				"east": { "uv": [ 8.749, 10.126, 8.624, 10.374 ], "texture": "#gochunen" }
			}
		},
		{
			"__comment": "Element",
			"from": [ 9, 5, 7.625 ],
			"to": [ 9.125, 5.375, 8.375 ],
			"faces": {
				"down": { "uv": [ 9.001, 10.874, 9.124, 10.999 ], "texture": "#gochunen" },
				"up": { "uv": [ 9.001, 10.751, 9.124, 10.626 ], "texture": "#gochunen" },
				"north": { "uv": [ 9.124, 10.626, 9.001, 10.999 ], "texture": "#gochunen" },
				"south": { "uv": [ 9.001, 10.626, 9.124, 10.999 ], "texture": "#gochunen" },
				"east": { "uv": [ 9.124, 10.626, 8.999, 10.999 ], "texture": "#gochunen" }
			}
		},
		{
			"__comment": "Element",
			"from": [ 8.875, 4.875, 7.625 ],
			"to": [ 9, 5.5, 8.375 ],
			"faces": {
				"down": { "uv": [ 8.876, 10.999, 8.999, 11.124 ], "texture": "#gochunen" },
				"up": { "uv": [ 8.876, 10.626, 8.999, 10.501 ], "texture": "#gochunen" },
				"north": { "uv": [ 8.999, 10.501, 8.876, 11.124 ], "texture": "#gochunen" },
				"south": { "uv": [ 8.876, 10.501, 8.999, 11.124 ], "texture": "#gochunen" },
				"east": { "uv": [ 8.999, 10.501, 8.874, 11.124 ], "texture": "#gochunen" }
			}
		},
		{
			"__comment": "Element",
			"from": [ 7.75, 3.5, 7.625 ],
			"to": [ 8.25, 3.625, 8.375 ],
			"faces": {
				"down": { "uv": [ 7.751, 12.374, 8.249, 12.499 ], "texture": "#gochunen" },
				"north": { "uv": [ 8.249, 12.376, 7.751, 12.499 ], "texture": "#gochunen" },
				"south": { "uv": [ 7.751, 12.376, 8.249, 12.499 ], "texture": "#gochunen" },
				"west": { "uv": [ 7.751, 12.376, 7.876, 12.499 ], "texture": "#gochunen" },
				"east": { "uv": [ 8.249, 12.376, 8.124, 12.499 ], "texture": "#gochunen" }
			}
		},
		{
			"__comment": "Element",
			"from": [ 7.625, 1.5, 7.625 ],
			"to": [ 8.375, 1.625, 8.375 ],
			"faces": {
				"down": { "uv": [ 7.626, 14.374, 8.374, 14.499 ], "texture": "#gochunen" },
				"up": { "uv": [ 7.626, 14.501, 8.374, 14.376 ], "texture": "#gochunen" },
				"north": { "uv": [ 8.374, 14.376, 7.626, 14.499 ], "texture": "#gochunen" },
				"south": { "uv": [ 7.626, 14.376, 8.374, 14.499 ], "texture": "#gochunen" },
				"west": { "uv": [ 7.626, 14.376, 7.751, 14.499 ], "texture": "#gochunen" },
				"east": { "uv": [ 8.374, 14.376, 8.249, 14.499 ], "texture": "#gochunen" }
			}
		},
		{
			"__comment": "Element",
			"from": [ 7.875, 1.625, 7.625 ],
			"to": [ 8, 2.125, 8.375 ],
			"faces": {
				"up": { "uv": [ 7.876, 14.001, 7.999, 13.876 ], "texture": "#gochunen" },
				"north": { "uv": [ 7.999, 13.876, 7.876, 14.374 ], "texture": "#gochunen" },
				"south": { "uv": [ 7.876, 13.876, 7.999, 14.374 ], "texture": "#gochunen" },
				"west": { "uv": [ 7.876, 13.876, 8.000999, 14.374 ], "texture": "#gochunen" },
				"east": { "uv": [ 7.999, 13.876, 7.874, 14.374 ], "texture": "#gochunen" }
			}
		},
		{
			"__comment": "Element",
			"from": [ 8, 1.5, 7.625 ],
			"to": [ 8.125, 2, 8.375 ],
			"faces": {
				"up": { "uv": [ 8.001, 14.126, 8.124, 14.001 ], "texture": "#gochunen" },
				"north": { "uv": [ 8.124, 14.001, 8.001, 14.499 ], "texture": "#gochunen" },
				"south": { "uv": [ 8.001, 14.001, 8.124, 14.499 ], "texture": "#gochunen" },
				"west": { "uv": [ 8.001, 14.001, 8.126, 14.499 ], "texture": "#gochunen" },
				"east": { "uv": [ 8.124, 14.001, 7.999, 14.499 ], "texture": "#gochunen" }
			}
		},
		{
			"__comment": "Element",
			"from": [ 7.375, 7.5, 7.75 ],
			"to": [ 8.625, 11.25, 8.25 ],
			"faces": {
				"down": { "uv": [ 7.376, 8.374, 8.624, 8.499 ], "texture": "#gochunen" },
				"up": { "uv": [ 7.376, 4.875999, 8.624, 4.750999 ], "texture": "#gochunen" },
				"north": { "uv": [ 8.624, 4.750999, 7.376, 8.499 ], "texture": "#gochunen" },
				"south": { "uv": [ 7.376, 4.750999, 8.624, 8.499 ], "texture": "#gochunen" },
				"west": { "uv": [ 7.376, 4.750999, 7.501, 8.499 ], "texture": "#gochunen" },
				"east": { "uv": [ 8.624, 4.750999, 8.499, 8.499 ], "texture": "#gochunen" }
			}
		},
		{
			"__comment": "Element",
			"from": [ 8.125, 4.625, 7.75 ],
			"to": [ 8.75, 9.25, 8.25 ],
			"faces": {
				"down": { "uv": [ 8.126, 11.249, 8.749, 11.374 ], "texture": "#gochunen" },
				"up": { "uv": [ 8.126, 6.875999, 8.749, 6.750999 ], "texture": "#gochunen" },
				"north": { "uv": [ 8.749, 6.750999, 8.126, 11.374 ], "texture": "#gochunen" },
				"south": { "uv": [ 8.126, 6.750999, 8.749, 11.374 ], "texture": "#gochunen" },
				"west": { "uv": [ 8.126, 6.750999, 8.251, 11.374 ], "texture": "#gochunen" },
				"east": { "uv": [ 8.749, 6.750999, 8.624, 11.374 ], "texture": "#gochunen" }
			}
		},
		{
			"__comment": "Element",
			"from": [ 7.25, 4.625, 7.75 ],
			"to": [ 7.875, 9.25, 8.25 ],
			"faces": {
				"down": { "uv": [ 7.251, 11.249, 7.874, 11.374 ], "texture": "#gochunen" },
				"up": { "uv": [ 7.251, 6.875999, 7.874, 6.750999 ], "texture": "#gochunen" },
				"north": { "uv": [ 7.874, 6.750999, 7.251, 11.374 ], "texture": "#gochunen" },
				"south": { "uv": [ 7.251, 6.750999, 7.874, 11.374 ], "texture": "#gochunen" },
				"west": { "uv": [ 7.251, 6.750999, 7.376, 11.374 ], "texture": "#gochunen" },
				"east": { "uv": [ 7.874, 6.750999, 7.749, 11.374 ], "texture": "#gochunen" }
			}
		},
		{
			"__comment": "Element",
			"from": [ 7.5, 11.25, 7.75 ],
			"to": [ 8.5, 12.625, 8.25 ],
			"faces": {
				"up": { "uv": [ 7.501, 3.500999, 8.499, 3.375999 ], "texture": "#gochunen" },
				"north": { "uv": [ 8.499, 3.375999, 7.501, 4.749001 ], "texture": "#gochunen" },
				"south": { "uv": [ 7.501, 3.375999, 8.499, 4.749001 ], "texture": "#gochunen" },
				"west": { "uv": [ 7.501, 3.375999, 7.626, 4.749001 ], "texture": "#gochunen" },
				"east": { "uv": [ 8.499, 3.375999, 8.374, 4.749001 ], "texture": "#gochunen" }
			}
		},
		{
			"__comment": "Element",
			"from": [ 7.625, 12.5, 7.75 ],
			"to": [ 8.375, 13.5, 8.25 ],
			"faces": {
				"up": { "uv": [ 7.626, 2.625999, 8.374, 2.500999 ], "texture": "#gochunen" },
				"north": { "uv": [ 8.374, 2.500999, 7.626, 3.499001 ], "texture": "#gochunen" },
				"south": { "uv": [ 7.626, 2.500999, 8.374, 3.499001 ], "texture": "#gochunen" },
				"west": { "uv": [ 7.626, 2.500999, 7.751, 3.499001 ], "texture": "#gochunen" },
				"east": { "uv": [ 8.374, 2.500999, 8.249, 3.499001 ], "texture": "#gochunen" }
			}
		},
		{
			"__comment": "Element",
			"from": [ 7.875, 12, 7.625 ],
			"to": [ 8.125, 13.125, 8.375 ],
			"faces": {
				"up": { "uv": [ 7.876, 3.000999, 8.124, 2.875999 ], "texture": "#gochunen" },
				"north": { "uv": [ 8.124, 2.875999, 7.876, 3.999001 ], "texture": "#gochunen" },
				"south": { "uv": [ 7.876, 2.875999, 8.124, 3.999001 ], "texture": "#gochunen" },
				"west": { "uv": [ 7.876, 2.875999, 8.000999, 3.999001 ], "texture": "#gochunen" },
				"east": { "uv": [ 8.124, 2.875999, 7.999, 3.999001 ], "texture": "#gochunen" }
			}
		},
		{
			"__comment": "Element",
			"from": [ 7.75, 13.5, 7.75 ],
			"to": [ 8.25, 14.375, 8.25 ],
			"faces": {
				"up": { "uv": [ 7.751, 1.750999, 8.249, 1.625999 ], "texture": "#gochunen" },
				"north": { "uv": [ 8.249, 1.625999, 7.751, 2.499001 ], "texture": "#gochunen" },
				"south": { "uv": [ 7.751, 1.625999, 8.249, 2.499001 ], "texture": "#gochunen" },
				"west": { "uv": [ 7.751, 1.625999, 7.876, 2.499001 ], "texture": "#gochunen" },
				"east": { "uv": [ 8.249, 1.625999, 8.124, 2.499001 ], "texture": "#gochunen" }
			}
		},
		{
			"__comment": "Element",
			"from": [ 7.875, 14.375, 7.75 ],
			"to": [ 8.125, 15.25, 8.25 ],
			"faces": {
				"up": { "uv": [ 7.876, 0.8760004, 8.124, 0.7510004 ], "texture": "#gochunen" },
				"north": { "uv": [ 8.124, 0.7510004, 7.876, 1.624001 ], "texture": "#gochunen" },
				"south": { "uv": [ 7.876, 0.7510004, 8.124, 1.624001 ], "texture": "#gochunen" },
				"west": { "uv": [ 7.876, 0.7510004, 8.000999, 1.624001 ], "texture": "#gochunen" },
				"east": { "uv": [ 8.124, 0.7510004, 7.999, 1.624001 ], "texture": "#gochunen" }
			}
		},
		{
			"__comment": "Element",
			"from": [ 7.5, 7.5, 7.625 ],
			"to": [ 7.875, 11.25, 8.375 ],
			"faces": {
				"down": { "uv": [ 7.501, 8.374, 7.874, 8.499 ], "texture": "#gochunen" },
				"up": { "uv": [ 7.501, 4.875999, 7.874, 4.750999 ], "texture": "#gochunen" },
				"north": { "uv": [ 7.874, 4.750999, 7.501, 8.499 ], "texture": "#gochunen" },
				"south": { "uv": [ 7.501, 4.750999, 7.874, 8.499 ], "texture": "#gochunen" },
				"west": { "uv": [ 7.501, 4.750999, 7.626, 8.499 ], "texture": "#gochunen" },
				"east": { "uv": [ 7.874, 4.750999, 7.749, 8.499 ], "texture": "#gochunen" }
			}
		},
		{
			"__comment": "Element",
			"from": [ 7.375, 4.625, 7.625 ],
			"to": [ 7.875, 9.25, 8.375 ],
			"faces": {
				"down": { "uv": [ 7.376, 11.25, 7.875, 11.375 ], "texture": "#gochunen" },
				"up": { "uv": [ 7.376, 6.875999, 7.875, 6.750999 ], "texture": "#gochunen" },
				"north": { "uv": [ 7.875, 6.750999, 7.376, 11.375 ], "texture": "#gochunen" },
				"south": { "uv": [ 7.376, 6.750999, 7.875, 11.375 ], "texture": "#gochunen" },
				"west": { "uv": [ 7.376, 6.750999, 7.501, 11.375 ], "texture": "#gochunen" },
				"east": { "uv": [ 7.875, 6.750999, 7.75, 11.375 ], "texture": "#gochunen" }
			}
		},
		{
			"__comment": "Element",
			"from": [ 8.125, 7.5, 7.625 ],
			"to": [ 8.5, 11.25, 8.375 ],
			"faces": {
				"down": { "uv": [ 8.126, 8.374, 8.499, 8.499 ], "texture": "#gochunen" },
				"up": { "uv": [ 8.126, 4.875999, 8.499, 4.750999 ], "texture": "#gochunen" },
				"north": { "uv": [ 8.499, 4.750999, 8.126, 8.499 ], "texture": "#gochunen" },
				"south": { "uv": [ 8.126, 4.750999, 8.499, 8.499 ], "texture": "#gochunen" },
				"west": { "uv": [ 8.126, 4.750999, 8.251, 8.499 ], "texture": "#gochunen" },
				"east": { "uv": [ 8.499, 4.750999, 8.374, 8.499 ], "texture": "#gochunen" }
			}
		},
		{
			"__comment": "Element",
			"from": [ 8.125, 4.625, 7.625 ],
			"to": [ 8.625, 9.25, 8.375 ],
			"faces": {
				"down": { "uv": [ 8.124999, 11.25, 8.625, 11.375 ], "texture": "#gochunen" },
				"up": { "uv": [ 8.124999, 6.875, 8.625, 6.75 ], "texture": "#gochunen" },
				"north": { "uv": [ 8.625, 6.75, 8.124999, 11.375 ], "texture": "#gochunen" },
				"south": { "uv": [ 8.124999, 6.75, 8.625, 11.375 ], "texture": "#gochunen" },
				"west": { "uv": [ 8.124999, 6.75, 8.249999, 11.375 ], "texture": "#gochunen" },
				"east": { "uv": [ 8.625, 6.75, 8.5, 11.375 ], "texture": "#gochunen" }
			}
		},
		{
			"__comment": "Element",
			"from": [ 7.625, 11, 7.625 ],
			"to": [ 8.375, 12, 8.375 ],
			"faces": {
				"down": { "uv": [ 7.626, 4.874001, 8.374, 4.999001 ], "texture": "#gochunen" },
				"up": { "uv": [ 7.626, 4.125999, 8.374, 4.000999 ], "texture": "#gochunen" },
				"north": { "uv": [ 8.374, 4.000999, 7.626, 4.999001 ], "texture": "#gochunen" },
				"south": { "uv": [ 7.626, 4.000999, 8.374, 4.999001 ], "texture": "#gochunen" },
				"west": { "uv": [ 7.626, 4.000999, 7.751, 4.999001 ], "texture": "#gochunen" },
				"east": { "uv": [ 8.374, 4.000999, 8.249, 4.999001 ], "texture": "#gochunen" }
			}
		},
		{
			"__comment": "Element",
			"from": [ 7.75, 11.625, 7.625 ],
			"to": [ 8.25, 12.625, 8.375 ],
			"faces": {
				"up": { "uv": [ 7.751, 3.500999, 8.249, 3.375999 ], "texture": "#gochunen" },
				"north": { "uv": [ 8.249, 3.375999, 7.751, 4.374001 ], "texture": "#gochunen" },
				"south": { "uv": [ 7.751, 3.375999, 8.249, 4.374001 ], "texture": "#gochunen" },
				"west": { "uv": [ 7.751, 3.375999, 7.876, 4.374001 ], "texture": "#gochunen" },
				"east": { "uv": [ 8.249, 3.375999, 8.124, 4.374001 ], "texture": "#gochunen" }
			}
		},
		{
			"__comment": "Element",
			"from": [ 7.875, 7.5, 7.625 ],
			"to": [ 8, 11, 8.375 ],
			"faces": {
				"down": { "uv": [ 7.875, 8.375, 8, 8.5 ], "texture": "#gochunen" },
				"up": { "uv": [ 7.875, 6.625, 8, 6.5 ], "texture": "#gochunen" },
				"north": { "uv": [ 8, 6.5, 7.875, 8.5 ], "texture": "#gochunen" },
				"south": { "uv": [ 7.875, 5, 8, 8.5 ], "texture": "#gochunen" },
				"west": { "uv": [ 7.875, 6.5, 8, 8.5 ], "texture": "#gochunen" },
				"east": { "uv": [ 8, 6.5, 7.875, 8.5 ], "texture": "#gochunen" }
			}
		},
		{
			"__comment": "Element",
			"from": [ 8, 7.625, 7.625 ],
			"to": [ 8.125, 11.125, 8.375 ],
			"faces": {
				"down": { "uv": [ 8, 8.25, 8.125, 8.375 ], "texture": "#gochunen" },
				"up": { "uv": [ 8, 5.125, 8.125, 5 ], "texture": "#gochunen" },
				"north": { "uv": [ 8.125, 5, 8, 8.375 ], "texture": "#gochunen" },
				"south": { "uv": [ 8, 5, 8.125, 8.375 ], "texture": "#gochunen" },
				"west": { "uv": [ 8, 5, 8.125, 8.375 ], "texture": "#gochunen" },
				"east": { "uv": [ 8.125, 5, 8, 8.375 ], "texture": "#gochunen" }
			}
		}
	],
	"display": {
		"thirdperson_righthand": {
			"rotation":  [ 0, 90, 0 ],
			"translation":  [ 0, 11.5, 1 ],
			"scale":  [ 2.4, 2.4, 2.4 ]
		},
		"thirdperson_lefthand": {
			"rotation":  [ 0, -90, 0 ],
			"translation":  [ 0, 11.5, 1 ],
			"scale":  [ 2.4, 2.4, 2.4 ]
		},
		"firstperson_righthand": {
			"rotation":  [ 17, -90, 0 ],
			"translation":  [ 2.6, 5, -0.008 ],
			"scale":  [ 1.6, 1.6, 1.6 ]
		},
		"firstperson_lefthand": {
			"rotation":  [ 17, -90, 0 ],
			"translation":  [ 2.6, 5, -0.008 ],
			"scale":  [ 1.6, 1.6, 1.6 ]
		},
		"gui": {
			"rotation":  [ 0, 0, -45 ],
			"scale":  [ 1.4, 1.4, 1.4 ]
		},
		"head": {
			"translation":  [ 0, 27, 0 ],
			"scale":  [ 2, 2, 2 ]
		},
		"ground": {
			"rotation":  [ 0, 0, -45 ],
			"translation":  [ 0, 3.3956, 0 ],
			"scale":  [ 1.7, 1.7, 1.7 ]
		},
		"fixed": {
			"rotation":  [ -180, 0, 135 ],
			"scale":  [ 1.7, 1.7, 1.7 ]
		}
	}
}