{
	"parent": "item/handheld",
	"textures": {
		"layer0": "item/staff_basic_wooden_staff"
	},
		"overrides": [
		{"predicate": {"custom_model_data":1}, "model": "item/staff_basic_wooden_staff"}
	],
	"elements": [ 	 
		{
			"__comment": "Box1",
			"from": [ 7.25, 12.75, 8 ],
			"to": [ 8.5, 13, 8.5 ],
			"faces": {
				"down": { "uv": [ 7.25, 3, 8.5, 3.25 ], "texture": "#staff_basic_wooden" },
				"up": { "uv": [ 7.25, 3.25, 8.5, 3 ], "texture": "#staff_basic_wooden" },
				"north": { "uv": [ 8.5, 3, 7.25, 3.25 ], "texture": "#staff_basic_wooden" },
				"south": { "uv": [ 7.25, 3, 8.5, 3.25 ], "texture": "#staff_basic_wooden" },
				"west": { "uv": [ 7.25, 3, 7.5, 3.25 ], "texture": "#staff_basic_wooden" },
				"east": { "uv": [ 8.5, 3.25, 8.25, 3 ], "texture": "#staff_basic_wooden", "rotation": 180 }
			}
		},
		{
			"__comment": "Box2",
			"from": [ 7.25, 12, 8 ],
			"to": [ 8.25, 12.75, 8.5 ],
			"faces": {
				"down": { "uv": [ 7.25, 3.75, 8.25, 4 ], "texture": "#staff_basic_wooden" },
				"up": { "uv": [ 7.25, 3.5, 8.25, 3.25 ], "texture": "#staff_basic_wooden" },
				"north": { "uv": [ 8.25, 3.25, 7.25, 4 ], "texture": "#staff_basic_wooden" },
				"south": { "uv": [ 7.25, 3.25, 8.25, 4 ], "texture": "#staff_basic_wooden" },
				"west": { "uv": [ 7.25, 3.25, 7.5, 4 ], "texture": "#staff_basic_wooden" },
				"east": { "uv": [ 8.25, 4, 8, 3.25 ], "texture": "#staff_basic_wooden", "rotation": 180 }
			}
		},
		{
			"__comment": "Box3",
			"from": [ 7.5, 13, 8 ],
			"to": [ 8.5, 13.25, 8.5 ],
			"faces": {
				"down": { "uv": [ 7.5, 2.75, 8.5, 3 ], "texture": "#staff_basic_wooden" },
				"up": { "uv": [ 7.5, 3, 8.5, 2.75 ], "texture": "#staff_basic_wooden" },
				"north": { "uv": [ 8.5, 2.75, 7.5, 3 ], "texture": "#staff_basic_wooden" },
				"south": { "uv": [ 7.5, 2.75, 8.5, 3 ], "texture": "#staff_basic_wooden" },
				"west": { "uv": [ 7.5, 2.75, 7.75, 3 ], "texture": "#staff_basic_wooden" },
				"east": { "uv": [ 8.5, 3, 8.25, 2.75 ], "texture": "#staff_basic_wooden", "rotation": 180 }
			}
		},
		{
			"__comment": "Box4",
			"from": [ 7.5, 11.75, 8 ],
			"to": [ 8.5, 12, 8.5 ],
			"faces": {
				"down": { "uv": [ 7.5, 4, 8.5, 4.25 ], "texture": "#staff_basic_wooden" },
				"up": { "uv": [ 7.5, 4.25, 8.5, 4 ], "texture": "#staff_basic_wooden" },
				"north": { "uv": [ 8.5, 4, 7.5, 4.25 ], "texture": "#staff_basic_wooden" },
				"south": { "uv": [ 7.5, 4, 8.5, 4.25 ], "texture": "#staff_basic_wooden" },
				"west": { "uv": [ 7.5, 4, 7.75, 4.25 ], "texture": "#staff_basic_wooden" },
				"east": { "uv": [ 8.5, 4.25, 8.25, 4 ], "texture": "#staff_basic_wooden", "rotation": 180 }
			}
		},
		{
			"__comment": "Box5",
			"from": [ 7.5, 10.5, 8 ],
			"to": [ 8.25, 11.25, 8.5 ],
			"faces": {
				"down": { "uv": [ 7.5, 5.25, 8.25, 5.5 ], "texture": "#staff_basic_wooden" },
				"up": { "uv": [ 7.5, 5, 8.25, 4.75 ], "texture": "#staff_basic_wooden" },
				"north": { "uv": [ 8.25, 4.75, 7.5, 5.5 ], "texture": "#staff_basic_wooden" },
				"south": { "uv": [ 7.5, 4.75, 8.25, 5.5 ], "texture": "#staff_basic_wooden" },
				"west": { "uv": [ 7.5, 4.75, 7.75, 5.5 ], "texture": "#staff_basic_wooden" },
				"east": { "uv": [ 8.25, 5.5, 8, 4.75 ], "texture": "#staff_basic_wooden", "rotation": 180 }
			}
		},
		{
			"__comment": "Box6",
			"from": [ 7.5, 9.25, 8 ],
			"to": [ 8.25, 9.5, 8.5 ],
			"faces": {
				"down": { "uv": [ 7.5, 6.5, 8.25, 6.75 ], "texture": "#staff_basic_wooden" },
				"up": { "uv": [ 7.5, 6.75, 8.25, 6.5 ], "texture": "#staff_basic_wooden" },
				"north": { "uv": [ 8.25, 6.5, 7.5, 6.75 ], "texture": "#staff_basic_wooden" },
				"south": { "uv": [ 7.5, 6.5, 8.25, 6.75 ], "texture": "#staff_basic_wooden" },
				"west": { "uv": [ 7.5, 6.5, 7.75, 6.75 ], "texture": "#staff_basic_wooden" },
				"east": { "uv": [ 8.25, 6.75, 8, 6.5 ], "texture": "#staff_basic_wooden", "rotation": 180 }
			}
		},
		{
			"__comment": "Box7",
			"from": [ 7.5, 7.75, 8 ],
			"to": [ 8, 9.25, 8.5 ],
			"faces": {
				"down": { "uv": [ 7.5, 8, 8, 8.25 ], "texture": "#staff_basic_wooden" },
				"up": { "uv": [ 7.5, 7, 8, 6.75 ], "texture": "#staff_basic_wooden" },
				"north": { "uv": [ 8, 6.75, 7.5, 8.25 ], "texture": "#staff_basic_wooden" },
				"south": { "uv": [ 7.5, 6.75, 8, 8.25 ], "texture": "#staff_basic_wooden" },
				"west": { "uv": [ 7.5, 6.75, 7.75, 8.25 ], "texture": "#staff_basic_wooden" },
				"east": { "uv": [ 8, 8.25, 7.75, 6.75 ], "texture": "#staff_basic_wooden", "rotation": 180 }
			}
		},
		{
			"__comment": "Box8",
			"from": [ 7.75, 13.25, 8 ],
			"to": [ 8.25, 13.5, 8.5 ],
			"faces": {
				"down": { "uv": [ 7.75, 2.5, 8.25, 2.75 ], "texture": "#staff_basic_wooden" },
				"up": { "uv": [ 7.75, 2.75, 8.25, 2.5 ], "texture": "#staff_basic_wooden" },
				"north": { "uv": [ 8.25, 2.5, 7.75, 2.75 ], "texture": "#staff_basic_wooden" },
				"south": { "uv": [ 7.75, 2.5, 8.25, 2.75 ], "texture": "#staff_basic_wooden" },
				"west": { "uv": [ 7.75, 2.5, 8, 2.75 ], "texture": "#staff_basic_wooden" },
				"east": { "uv": [ 8.25, 2.75, 8, 2.5 ], "texture": "#staff_basic_wooden", "rotation": 180 }
			}
		},
		{
			"__comment": "Box9",
			"from": [ 7.75, 11.25, 8 ],
			"to": [ 8.5, 11.5, 8.5 ],
			"faces": {
				"down": { "uv": [ 7.75, 4.5, 8.5, 4.75 ], "texture": "#staff_basic_wooden" },
				"up": { "uv": [ 7.75, 4.75, 8.5, 4.5 ], "texture": "#staff_basic_wooden" },
				"north": { "uv": [ 8.5, 4.5, 7.75, 4.75 ], "texture": "#staff_basic_wooden" },
				"south": { "uv": [ 7.75, 4.5, 8.5, 4.75 ], "texture": "#staff_basic_wooden" },
				"west": { "uv": [ 7.75, 4.5, 8, 4.75 ], "texture": "#staff_basic_wooden" },
				"east": { "uv": [ 8.5, 4.75, 8.25, 4.5 ], "texture": "#staff_basic_wooden", "rotation": 180 }
			}
		},
		{
			"__comment": "Box10",
			"from": [ 7.75, 9.5, 8 ],
			"to": [ 8.25, 10.5, 8.5 ],
			"faces": {
				"down": { "uv": [ 7.75, 6.25, 8.25, 6.5 ], "texture": "#staff_basic_wooden" },
				"up": { "uv": [ 7.75, 5.75, 8.25, 5.5 ], "texture": "#staff_basic_wooden" },
				"north": { "uv": [ 8.25, 5.5, 7.75, 6.5 ], "texture": "#staff_basic_wooden" },
				"south": { "uv": [ 7.75, 5.5, 8.25, 6.5 ], "texture": "#staff_basic_wooden" },
				"west": { "uv": [ 7.75, 5.5, 8, 6.5 ], "texture": "#staff_basic_wooden" },
				"east": { "uv": [ 8.25, 6.5, 8, 5.5 ], "texture": "#staff_basic_wooden", "rotation": 180 }
			}
		},
		{
			"__comment": "Box11",
			"from": [ 7.75, 4, 8 ],
			"to": [ 8.25, 7.75, 8.5 ],
			"faces": {
				"down": { "uv": [ 7.75, 11.75, 8.25, 12 ], "texture": "#staff_basic_wooden" },
				"up": { "uv": [ 7.75, 8.5, 8.25, 8.25 ], "texture": "#staff_basic_wooden" },
				"north": { "uv": [ 8.25, 8.25, 7.75, 12 ], "texture": "#staff_basic_wooden" },
				"south": { "uv": [ 7.75, 8.25, 8.25, 12 ], "texture": "#staff_basic_wooden" },
				"west": { "uv": [ 7.75, 8.25, 8, 12 ], "texture": "#staff_basic_wooden" },
				"east": { "uv": [ 8.25, 12, 8, 8.25 ], "texture": "#staff_basic_wooden", "rotation": 180 }
			}
		},
		{
			"__comment": "Box12",
			"from": [ 8, 11.5, 8 ],
			"to": [ 8.5, 11.75, 8.5 ],
			"faces": {
				"down": { "uv": [ 8, 4.25, 8.5, 4.5 ], "texture": "#staff_basic_wooden" },
				"up": { "uv": [ 8, 4.5, 8.5, 4.25 ], "texture": "#staff_basic_wooden" },
				"north": { "uv": [ 8.5, 4.25, 8, 4.5 ], "texture": "#staff_basic_wooden" },
				"south": { "uv": [ 8, 4.25, 8.5, 4.5 ], "texture": "#staff_basic_wooden" },
				"west": { "uv": [ 8, 4.25, 8.25, 4.5 ], "texture": "#staff_basic_wooden" },
				"east": { "uv": [ 8.5, 4.5, 8.25, 4.25 ], "texture": "#staff_basic_wooden", "rotation": 180 }
			}
		},
		{
			"__comment": "Box13",
			"from": [ 8, 7.75, 8 ],
			"to": [ 8.25, 8, 8.5 ],
			"faces": {
				"down": { "uv": [ 8, 8, 8.25, 8.25 ], "texture": "#staff_basic_wooden" },
				"up": { "uv": [ 8, 8.25, 8.25, 8 ], "texture": "#staff_basic_wooden" },
				"north": { "uv": [ 8.25, 8, 8, 8.25 ], "texture": "#staff_basic_wooden" },
				"south": { "uv": [ 8, 8, 8.25, 8.25 ], "texture": "#staff_basic_wooden" },
				"west": { "uv": [ 8, 8, 8.25, 8.25 ], "texture": "#staff_basic_wooden" },
				"east": { "uv": [ 8.25, 8.25, 8, 8 ], "texture": "#staff_basic_wooden", "rotation": 180 }
			}
		}
	],
	"display": {
		"thirdperson_righthand": {
			"rotation":  [ 0, 90, 0 ],
			"translation":  [ -0.75, -1, 1.5 ],
			"scale":  [ 3, 3, 3 ]
		},
		"thirdperson_lefthand": {
			"rotation":  [ 0, -90, 0 ],
			"translation":  [ 1, -1, 1.5 ],
			"scale":  [ 3, 3, 3 ]
		},
		"firstperson_righthand": {
			"rotation":  [ 0, 90, 0 ],
			"translation":  [ 0, 4, 0 ],
			"scale":  [ 2, 2, 2 ]
		},
		"firstperson_lefthand": {
			"rotation":  [ 0, -90, 0 ],
			"translation":  [ 0, 4, 0 ],
			"scale":  [ 2, 2, 2 ]
		},
		"gui": {
			"rotation":  [ 0, 0, -45 ],
			"translation":  [ -1, -1, 0 ],
			"scale":  [ 1.7, 1.7, 1.7 ]
		},
		"ground": {
			"rotation":  [ 0, 0, -45 ],
			"translation":  [ 0, 2, 0 ]
		},
		"fixed": {
			"rotation":  [ 0, -180, -45 ],
			"scale":  [ 2, 2, 2 ]
		}
	},
    "overrides": [
        {
            "predicate": {
                "pulling": 1
            },
            "model": "item/bow_pulling_0"
        },
        {
            "predicate": {
                "pulling": 1,
                "pull": 0.65
            },
            "model": "item/bow_pulling_1"
        },
        {
            "predicate": {
                "pulling": 1,
                "pull": 0.9
            },
            "model": "item/bow_pulling_2"
        }
    ]
}
